분류,메뉴코드,바코드번호,관리메뉴명(한국어),메뉴명(한국어),기존가, 인상후 ,인상가격
상품,B0001045,8809422171181 ,바스락빙빙,바스락빙빙,300,300, - 
상품,B0001072,8809402811519 ,달곰팡스타,달곰팡스타,300,300, - 
상품,B0000137,8801062412020 ,옥동자딸기,옥동자딸기,400,500,100
상품,B0000157,8801118253300 ,아이스츄,아이스츄,400,500,100
상품,B0000204,8801062412426 ,심쿵코코바,심쿵코코바,400,500,100
상품,B0000206,8801118253898 ,와삭와삭빙수바,와삭와삭빙수바,400,500,100
상품,B0000222,8801019513015 ,폭신폭신솜사탕,폭신폭신솜사탕,400,500,100
상품,B0000270,8801118255069 ,리치샤베트,리치샤베트,400,500,100
상품,B0000386,8801062893133 ,구미구미바딸기맛,구미구미바딸기맛,400,500,100
상품,B0000003,8801104123181 ,비비빅,비비빅,400,500,100
상품,B0000004,8801104123174 ,메로나,메로나,400,500,100
상품,B0000005,8801019508356 ,누가바,누가바,400,500,100
상품,B0000006,8801019508431 ,쌍쌍바,쌍쌍바,400,500,100
상품,B0000007,8801019508363 ,바밤바,바밤바,400,500,100
상품,B0000008,8801104123297 ,생귤탱귤,생귤탱귤,400,500,100
상품,B0000009,8801019508783 ,호두마루,호두마루,400,500,100
상품,B0000010,8801019509155 ,녹차마루,녹차마루,400,500,100
상품,B0000011,8801104123198 ,쿠앤크바,쿠앤크바,400,500,100
상품,B0000012,8801104123310 ,캔디바,캔디바,400,500,100
상품,B0000013,8801104123204 ,요맘때 딸기,요맘때 딸기,400,500,100
상품,B0000014,8801118251573 ,와삭바,와삭바,400,500,100
상품,B0000015,8801104123167 ,까페오레,까페오레,400,500,100
상품,B0000016,8801062417056 ,죠스바,죠스바,400,500,100
상품,B0000017,8801062417452 ,와일드바디,와일드바디,400,500,100
상품,B0000018,8801062417414 ,옥동자,옥동자,400,500,100
상품,B0000019,8801062417339 ,순수밀크,순수밀크,400,500,100
상품,B0000020,8801062417438 ,메가톤바,메가톤바,400,500,100
상품,B0000021,8801062416950 ,빙빙바,빙빙바,400,500,100
상품,B0000022,8801062417018 ,스크류바,스크류바,400,500,100
상품,B0000023,8801118249846 ,돼지바,돼지바,400,500,100
상품,B0000024,8801118252013 ,빠삐코바,빠삐코바,400,500,100
상품,B0000025,8801118249921 ,보석바,보석바,400,500,100
상품,B0000026,8801062417599 ,앙꼬바,앙꼬바,400,500,100
상품,B0000027,8801118250910 ,초코퍼지,초코퍼지,400,500,100
상품,B0000028,8801118252945 ,마카롱아이스바,마카롱아이스바,400,500,100
상품,B0000029,8801118253645 ,디저트앤치즈앤케이크,디저트앤치즈앤케이크,400,500,100
상품,B0000030,8801118253096 ,디저트아이스바 브라우니,디저트아이스바 브라우니,400,500,100
상품,B0000031,8801118251900 ,테트리스,테트리스,400,500,100
상품,B0000032,8801118253386 ,인절미바,인절미바,400,500,100
상품,B0000033,8801118253904 ,아이스츄멜론,아이스츄멜론,400,500,100
상품,B0000068,8802186135567 ,블루레몬,블루레몬,400,500,100
상품,B0000069,8801206000113 ,깐도리,깐도리,400,500,100
상품,B0000070,8801206730201 ,서주아이스주,서주아이스주,400,500,100
상품,B0000071,8801206730195 ,찰옥수수바,찰옥수수바,400,500,100
상품,B0000072,8801206000267 ,아이스캔디바닐라,아이스캔디바닐라,400,500,100
상품,B0000073,8801206000410 ,요쿠르트아이스바,요쿠르트아이스바,400,500,100
상품,B0000074,8801206740439 ,서주마카롱바,서주마카롱바,400,500,100
상품,B0000120,8801062002429 ,심쿵 복숭아,심쿵 복숭아,400,500,100
상품,B0000123,8401062411155 ,누크바,누크바,400,500,100
상품,B0000125,8801062623556 ,말랑카우,말랑카우,400,500,100
상품,B0000126,8801104123839 ,요맘때 플레인바,요맘때 플레인바,400,500,100
상품,B0000132,8801062417117 ,수박바,수박바,400,500,100
상품,B0000133,8801104123365 ,쿠앤크 쿠키앤초코,쿠앤크 쿠키앤초코,400,500,100
상품,B0000134,8801062000036 ,옥동자 카라멜,옥동자 카라멜,400,500,100
상품,B0000146,8809089690797 ,깐도리,깐도리,400,500,100
상품,B0000147,8801019508790 ,체리마루,체리마루,400,500,100
상품,B0000148,8809089691398 ,포도알,포도알,400,500,100
상품,B0000160,8801019512421 ,망고바,망고바,400,500,100
상품,B0000161,8801019511479 ,모히또바,모히또바,400,500,100
상품,B0000167,8801019508196 ,아포가토,아포가토,400,500,100
상품,B0000170,8801104123679 ,메로나바나나,메로나바나나,400,500,100
상품,B0000179,8801104123389 ,요맘때 복숭아,요맘때 복숭아,400,500,100
상품,B0000181,8801062412402 ,말랑카우바 바나나,말랑카우바 바나나,400,500,100
상품,B0000230,8801206730423 ,딸기요거트바,딸기요거트바,400,500,100
상품,B0000234,8801062007585 ,부드러운수박바,부드러운수박바,400,500,100
상품,B0000245,8801019514012 ,부라보바 초코,부라보바 초코,400,500,100
상품,B0000246,8801019514005 ,부라보바 바닐라,부라보바 바닐라,400,500,100
상품,B0000248,8801206000151 ,버터코코넛바,버터코코넛바,400,500,100
상품,B0000252,8801019512926 ,백도바,백도바,400,500,100
상품,B0000260,8801118252921 ,백제신라고구마바,백제신라고구마바,400,500,100
상품,B0000273,8801206001196 ,서주초코리치바,서주초코리치바,400,500,100
상품,B0000278,8801104123808 ,메로나망고,메로나망고,400,500,100
상품,B0000292,8801019514302 ,쌍쌍바 포도,쌍쌍바 포도,400,500,100
상품,B0000293,8801019513039 ,아이스쿨딸기,아이스쿨딸기,400,500,100
상품,B0000294,8801118255335 ,와삭바 콘스프,와삭바 콘스프,400,500,100
상품,B0000295,8801118253959 ,밀키스바,밀키스바,400,500,100
상품,B0000296,8801206001219 ,서주 블루베리바,서주 블루베리바,400,500,100
상품,B0000297,8801206001202 ,서주 비타뱅크바,서주 비타뱅크바,400,500,100
상품,B0000307,8801104307406 ,생귤탱큘 유자,생귤탱큘 유자,400,500,100
상품,B0000308,8801104307468 ,캔디바 레몬콜라,캔디바 레몬콜라,400,500,100
상품,B0000312,8801118255311 ,쭈쭈바하드 딸기,쭈쭈바하드 딸기,400,500,100
상품,B0000313,8801118255328 ,쭈쭈바하드 포도,쭈쭈바하드 포도,400,500,100
상품,B0000314,8801118255267 ,델몬트포도바,델몬트포도바,400,500,100
상품,B0000315,8801118255250 ,델몬트망고바,델몬트망고바,400,500,100
상품,B0000324,8801019514425 ,혼자먹는 쌍쌍바,혼자먹는 쌍쌍바,400,500,100
상품,B0000325,8801206730294 ,메론바,메론바,400,500,100
상품,B0000326,8801206000274 ,아이스캔디초코,아이스캔디초코,400,500,100
상품,B0000332,8801019514173 ,라이스크림,라이스크림,400,500,100
상품,B0000340,8801019514487 ,부라보바 피스타치오,부라보바 피스타치오,400,500,100
상품,B0000352,8801206001516 ,민트리치바,민트리치바,400,500,100
상품,B0000368,8801118255229 ,별난바,별난바,400,500,100
상품,B0000369,8801019514678 ,연양갱바,연양갱바,400,500,100
상품,B0000370,8801019514746 ,누가바 쇼콜라,누가바 쇼콜라,400,500,100
상품,B0000371,8801019514685 ,아이스쿨자두,아이스쿨자두,400,500,100
상품,B0000373,8801206001660 ,젤리쏙쏙바,젤리쏙쏙바,400,500,100
상품,B0000380,8801118255632 ,자바초코칩,자바초코칩,400,500,100
상품,B0000381,8801118255663 ,델몬트복숭아,델몬트복숭아,400,500,100
상품,B0000382,8801062894741 ,찰옥수수바,찰옥수수바,400,500,100
상품,B0000390,8801019514777 ,쌍쌍바피치베리,쌍쌍바피치베리,400,500,100
상품,B0000391,8801019514388 ,아이스쿨청포도,아이스쿨청포도,400,500,100
상품,B0000392,8801104304771 ,생큘탱귤자몽,생큘탱귤자몽,400,500,100
상품,B0000393,8801019513688 ,토마토바,토마토바,400,500,100
상품,B0000397,8801104664202 ,키위아작,키위아작,400,500,100
상품,B0000407,8801118255717 ,빠삐코바,빠삐코바,400,500,100
상품,B0000411,8801104664189 ,빙그레 붕바스틱,빙그레 붕바스틱,400,500,100
상품,B0000420,8801118255816 ,블루소다,블루소다,400,500,100
상품,B0000435,8801206001523 ,솔티드 카라멜바,솔티드 카라멜바,400,500,100
상품,B0000443,8801019514418 ,누드누가바,누드누가바,400,500,100
상품,B0000445,8805584111416 ,옥수수익어가는,옥수수익어가는,400,500,100
상품,B0000452,8801019509650 ,인절미통통,인절미통통,400,500,100
상품,B0000456,8801019513381 ,아이스쿨 트로피칼,아이스쿨 트로피칼,400,500,100
상품,B0000457,8801019514975 ,바밤바 흑당버블티바,바밤바 흑당버블티바,400,500,100
상품,B0000458,8801206001769 ,참외롭다 참외바,참외롭다 참외바,400,500,100
상품,B0000463,8801206002032 ,초코쿠키바,초코쿠키바,400,500,100
상품,B0000464,8801104664554 ,메로나코코넛,메로나코코넛,400,500,100
상품,B0000465,8801206001714 ,홍차타임,홍차타임,400,500,100
상품,B0000466,8801206002018 ,군고구마바,군고구마바,400,500,100
상품,B0000467,8801206001943 ,커피리치바,커피리치바,400,500,100
상품,B0000468,8801206001974 ,타로밀크티바,타로밀크티바,400,500,100
상품,B0000469,8801118256097 ,돼지바블랙,돼지바블랙,400,500,100
상품,B0000470,8801206001998 ,서주누릉지,서주누릉지,400,500,100
상품,B0000471,8801073558618 ,깐도리,깐도리,400,500,100
상품,B0000472,8809713220031 ,쌍쌍바,쌍쌍바,400,500,100
상품,B0000491,8809713220024 ,누가바,누가바,400,500,100
상품,B0000492,8809713220307 ,녹차마루바,녹차마루바,400,500,100
상품,B0000493,8809713220208 ,인절미통통,인절미통통,400,500,100
상품,B0000494,8801062884025 ,죠스크류수박바,죠스크류수박바,400,500,100
상품,B0000498,8801104666855 ,라이언바 자두맛,라이언바 자두맛,400,500,100
상품,B0000499,8801104666770 ,무지바 청포도맛,무지바 청포도맛,400,500,100
상품,B0000500,8801206002070 ,리치망고스틴바,리치망고스틴바,400,500,100
상품,B0000510,8801062417155 ,누크바,누크바,400,500,100
상품,B0000512,8801062413133 ,바요바,바요바,400,500,100
상품,B0000529,8809713220055 ,바밤바골드,바밤바골드,400,500,100
상품,B0000530,8809713220079 ,호두마루바,호두마루바,400,500,100
상품,B0000531,8809713220314 ,체리마루바,체리마루바,400,500,100
상품,B0000539,8801206001776 ,얼토당토캐찹바,얼토당토캐찹바,400,500,100
상품,B0000540,8801206001608 ,서주팥아이스,서주팥아이스,400,500,100
상품,B0000547,8801206000243 ,아이스캔디딸기,아이스캔디딸기,400,500,100
상품,B0000548,8801206000250 ,아이스캔디메론,아이스캔디메론,400,500,100
상품,B0000549,8801206000236 ,아이스캔디팥,아이스캔디팥,400,500,100
상품,B0000550,8801206000281 ,아이스캔디커피,아이스캔디커피,400,500,100
상품,B0000551,8809713220154 ,누가바 쇼콜라,800 누가바 쇼콜라083083,400,500,100
상품,B0000552,8809713220161 ,바밤바 흑당버블티바,800 바밤바 흑당버블티바083093,400,500,100
상품,B0000555,8809713220246 ,800 아이스쿨 딸기093350,800 아이스쿨 딸기093350,400,500,100
상품,B0000558,8809713220321 ,폭신폭신솜사탕바,800 폭신폭신솜사탕바083074,400,500,100
상품,B0000587,8809713220710 ,쌍쌍바 포도,800 쌍쌍바 포도 083058,400,500,100
상품,B0000588,8809713220727 ,모히또바,800 모히또바080656,400,500,100
상품,B0000589,8809713220734 , 백도바, 백도바,400,500,100
상품,B0000590,8809713220741 ,부라보바 화이트바닐라,800 부라보바 화이트바닐라 083050,400,500,100
상품,B0000591,8809713220758 ,부라보바 초코청크마일드,800 부라보바 초코청크마일드 083053,400,500,100
상품,B0000592,8809713220765 ,부라보바 피스타치오,800 부라보바 피스타치오 084055,400,500,100
상품,B0000594,8809713220789 ,아이스쿨 자두,800 아이스쿨 자두083085,400,500,100
상품,B0000595,8809713220796 ,토마토마바,800 토마토마바083045,400,500,100
상품,B0000596,8809713220802 ,연양갱바,800 연양갱바 083081,400,500,100
상품,B0000597,8801118249938 ,아맛나,아맛나,400,500,100
상품,B0000598,8801104666879 ,피치 카카오,피치 카카오,400,500,100
상품,B0000599,8801118256158 ,샤인머스켓,샤인머스켓,400,500,100
상품,B0000600,8809713220840 ,파시통통,파시통통,400,500,100
상품,B0000624,8801118256257 ,백두마운틴,백두마운틴,400,500,100
상품,B0000636,8801118256240 ,한라마운틴,한라마운틴,400,500,100
상품,B0000649,8801206002131 ,브라우니바,브라우니바,400,500,100
상품,B0000834,8801206002285 ,임실치즈 케이크바,임실치즈 케이크바,400,500,100
상품,B0000868,8801062876587 ,바나나우유바,바나나우유바,400,500,100
상품,B0000871,8809713221007 ,듀엣 초코바나나,듀엣 초코바나나,400,500,100
상품,B0000897,8801104668897 ,쿠앤크 피스타치오바,쿠앤크 피스타치오바,400,500,100
상품,B0000898,8801062016655 ,스크류바 피치,스크류바 피치,400,500,100
상품,B0000916,8801062874484 ,죠스바 멜론,죠스바 멜론,400,500,100
상품,B0000917,8801206002612 ,홀리데이  코팅초코,홀리데이  코팅초코,400,500,100
상품,B0000940,8801118256639 ,델몬트 토마토 & 애플,델몬트 토마토 & 애플,400,500,100
상품,B0000941,8801062006595 ,노란수박바,노란수박바,400,500,100
상품,B0000945,8809713220123 ,누가바,누가바,400,500,100
상품,B0000947,8801118256783 ,초코퍼지 크런치바,초코퍼지 크런치바,400,500,100
상품,B0000948,8801104670814 ,아이스케-키 사과,아이스케-키 사과,400,500,100
상품,B0000949,8801104670852 ,아이스케-키 딸기맛하드,아이스케-키 딸기맛하드,400,500,100
상품,B0000950,8801104670838 ,아이스케-키 레몬맛하드,아이스케-키 레몬맛하드,400,500,100
상품,B0000955,8801118256578 ,돼지바 핑크,돼지바 핑크,400,500,100
상품,B0000956,8801206002575 ,쑥이랑 떡이랑 바,쑥이랑 떡이랑 바,400,500,100
상품,B0000957,8801104123280 ,메로나,메로나,400,500,100
상품,B0000964,8801062874491 ,스피아 민트바,스피아 민트바,400,500,100
상품,B0000965,8801062874507 ,쥬시후레쉬바,쥬시후레쉬바,400,500,100
상품,B0000976,8801062004720 ,거꾸로수박바,거꾸로수박바,400,500,100
상품,B0001034,8809713221366 ,아이스팜 천혜향,아이스팜 천혜향,400,500,100
상품,B0001037,8801206002735 ,호두과자바,호두과자바,400,500,100
상품,B0001038,8809713221281 ,자두바,자두바,400,500,100
상품,B0000431,8801206001752 ,썸머킥,썸머킥,500,600,100
상품,B0000058,8801019512377 ,폴라포 피치,폴라포 피치,500,600,100
상품,B0000288,8801019513428 ,폴라포 청사과요구르트,폴라포 청사과요구르트,500,600,100
상품,B0000298,8801019512919 ,젤루좋아 자몽,젤루좋아 자몽,500,600,100
상품,B0000378,8805584125130 ,더블팅,더블팅,500,600,100
상품,B0000398,8801019514432 ,토마토마쭈쭈바,토마토마쭈쭈바,500,600,100
상품,B0000421,8801019514357 ,탱크보이 시칠리아레몬,탱크보이 시칠리아레몬,500,600,100
상품,B0000432,8801062890279 ,허쉬초코아이스,허쉬초코아이스,500,600,100
상품,B0000450,8801206001639 ,왕수박알,왕수박알,500,600,100
상품,B0000507,8801104666480 ,뽕따 카카오,뽕따 카카오,500,600,100
상품,B0000541,8809592970210 ,왕수박알,왕수박알,500,600,100
상품,B0000702,8801118256325 ,빠삐코 달고나,빠삐코 달고나,500,600,100
상품,B0000919,8801104670920 ,졸음사냥,졸음사냥,500,600,100
상품,B0000946,8801206002544 ,왕모히또,왕모히또,500,600,100
상품,B0000952,8801062876808 ,초키초키 쿠앤크,초키초키 쿠앤크,500,600,100
상품,B0000974,8809713221373 ,제주용암수아이스,제주용암수아이스,500,600,100
상품,B0000075,8801206680100 ,서주왕포도알,서주왕포도알,500,600,100
상품,B0000076,8801206000465 ,서주요쿠르트아이스,서주요쿠르트아이스,500,600,100
상품,B0000077,8801206670354 ,서주 왕포도알,서주 왕포도알,500,600,100
상품,B0000078,8801206000168 ,서주빠빠오,서주빠빠오,500,600,100
상품,B0000079,8809089691350 ,서주더블플러스,서주더블플러스,500,600,100
상품,B0000080,8801206000458 ,서주요쿠르트 쭈쭈바,서주요쿠르트 쭈쭈바,500,600,100
상품,B0000090,8801104111553 ,더위사냥,더위사냥,500,600,100
상품,B0000092,8801118253850 ,빠삐코 밀크,빠삐코 밀크,500,600,100
상품,B0000093,8801118250996 ,빠삐코 초코,빠삐코 초코,500,600,100
상품,B0000094,8801104111355 ,뽕따소다,뽕따소다,500,600,100
상품,B0000095,8801019508769 ,젤루조아 감귤,젤루조아 감귤,500,600,100
상품,B0000096,8801019508721 ,탱크보이,탱크보이,500,600,100
상품,B0000097,8801062443499 ,심쿵 청포도,심쿵 청포도,500,600,100
상품,B0000098,8801019508745 ,폴라포스포츠,폴라포스포츠,500,600,100
상품,B0000099,8801019508738 ,폴라포포도,폴라포포도,500,600,100
상품,B0000100,8801104111348 ,파워캡레드,파워캡레드,500,600,100
상품,B0000101,8801118253881 ,칼라만시쮸쮸바,칼라만시쮸쮸바,500,600,100
상품,B0000102,8801118251153 ,망고쮸쮸바,망고쮸쮸바,500,600,100
상품,B0000103,8801062442553 ,주물러 콜라,주물러 콜라,500,600,100
상품,B0000104,8801118253874 ,딸기 쮸쮸바,딸기 쮸쮸바,500,600,100
상품,B0000150,8801019508776 ,젤루조아 청포도,젤루조아 청포도,500,600,100
상품,B0000151,8801019512933 ,탱크보이 애플젤리,탱크보이 애플젤리,500,600,100
상품,B0000152,8801118253867 ,빠삐코 딸기,빠삐코 딸기,500,600,100
상품,B0000154,8801104305174 ,더위사냥 카라멜마끼아또,더위사냥 카라멜마끼아또,500,600,100
상품,B0000155,8801104305167 ,더위사냥 콜드부르,더위사냥 콜드부르,500,600,100
상품,B0000177,8801206000502 ,왕포도알 소다맛,왕포도알 소다맛,500,600,100
상품,B0000290,8801104307444 ,메로나튜브,메로나튜브,500,600,100
상품,B0000320,8801104307789 ,뽕따 레드피치,뽕따 레드피치,500,600,100
상품,B0000323,8801019513343 ,젤루조아 백도,젤루조아 백도,500,600,100
상품,B0000408,8801104664363 ,더위사냥 레몬에이드,더위사냥 레몬에이드,500,600,100
상품,B0000430,8801062890941 ,모구모구 리치아이스,모구모구 리치아이스,500,600,100
상품,B0000433,8801206670194 ,더블더블,더블더블,500,600,100
상품,B0000453,8801118255892 ,쭈쭈바레몬,쭈쭈바레몬,500,600,100
상품,B0000532,8809713220048 ,폴라포 포도,폴라포 포도,500,600,100
상품,B0000573,8809713220581 ,폴라포 스포츠,1000 폴라포 스포츠084033,500,600,100
상품,B0000574,8809713220598 ,폴라포 피치,1000 폴라포 피치 084035,500,600,100
상품,B0000575,8809713220086 ,탱크보이,1000 탱크보이OP084039,500,600,100
상품,B0000576,880 1019514357,1000 탱크보이 레몬OP084039,1000 탱크보이 레몬OP084039,500,600,100
상품,B0000577,8809713220611 ,1000 젤루조아 제주감귤084045,1000 젤루조아 제주감귤084045,500,600,100
상품,B0000578,8809713220628 ,탱크보이 모히또,1000 탱크보이 모히또084043,500,600,100
상품,B0000579,8809713220635 , 젤루조아 청포도, 젤루조아 청포도,500,600,100
상품,B0000580,8809713220642 ,1000 탱크보이 애플젤리OP084041,1000 탱크보이 애플젤리OP084041,500,600,100
상품,B0000581,8809713220659 ,1000 젤루조아 백도084051,1000 젤루조아 백도084051,500,600,100
상품,B0000582,8809713220666 ,젤루조아 초코,1000 젤루조아 초코084057,500,600,100
상품,B0000583,8809713220673 ,토마토마시판,1000 토마토마시판084053,500,600,100
상품,B0000609,8809713220901 ,폴라포커피,폴라포커피,500,600,100
상품,B0000627,8809713220963 ,탱크보이,탱크보이,500,600,100
상품,B0000631,8801118251146 ,키위쭈쭈바,키위쭈쭈바,500,600,100
상품,B0000659,8801118251337 ,빠삐코소다,빠삐코소다,500,600,100
상품,B0000911,8801118256585 ,빠삐코 딸기,빠삐코 딸기,500,600,100
상품,B0000939,8809713220390 ,탱크보이,탱크보이,500,600,100
상품,B0000973,8809713221274 ,탱크보이x민초단,탱크보이x민초단,500,600,100
상품,B0001033,8809713220888 ,토마토마 쭈쭈바,토마토마 쭈쭈바,500,600,100
상품,B0000091,8801118250590 ,거북알,거북알,600,600, - 
상품,B0000135,8801062013951 ,본젤라또 녹차초코,본젤라또 녹차초코,600,600, - 
상품,B0000136,8801019513572 ,하이카카오,하이카카오,600,600, - 
상품,B0000149,8801118252839 ,거북이,거북이,600,600, - 
상품,B0000156,8801104304856 ,녹차팥아이스,녹차팥아이스,600,600, - 
상품,B0000189,8801104304832 ,순우유아이스,순우유아이스,600,600, - 
상품,B0000190,8801104304870 ,코코넛버블티바,코코넛버블티바,600,600, - 
상품,B0000231,8801019513787 ,누가바초코,누가바초코,600,600, - 
상품,B0000232,8801019513817 ,바밤바라떼,바밤바라떼,600,600, - 
상품,B0000233,8801019513350 ,블루베리바,블루베리바,600,600, - 
상품,B0000261,8801104306638 ,엔초 코코넛프라임,엔초 코코넛프라임,600,600, - 
상품,B0000269,8801118255014 ,구구바,구구바,600,600, - 
상품,B0000276,8801104307154 ,비비빅 더 프라임 인절미,비비빅 더 프라임 인절미,600,600, - 
상품,B0000299,8801104307727 ,순수u밀키 딸기우유맛,순수u밀키 딸기우유맛,600,600, - 
상품,B0000328,8801062013975 ,본젤라또 딸기바,본젤라또 딸기바,600,600, - 
상품,B0000331,8801104307918 ,쿠앤크 더프라임치즈,쿠앤크 더프라임치즈,600,600, - 
상품,B0000339,8801104307932 ,메로나 칸탈루프,메로나 칸탈루프,600,600, - 
상품,B0000383,8801118252570 ,그릭요거트바,그릭요거트바,600,600, - 
상품,B0000385,8801118253683 ,그릭요거트바딸기,그릭요거트바딸기,600,600, - 
상품,B0000389,8801062893195 ,인더피치바,인더피치바,600,600, - 
상품,B0000412,8801062017072 ,빅티코바,빅티코바,600,600, - 
상품,B0000418,8801062016402 ,스키피바,스키피바,600,600, - 
상품,B0000419,8801104664158 ,더프라임흑임자비비빅,더프라임흑임자비비빅,600,600, - 
상품,B0000427,8801062892440 ,코코모카바,코코모카바,600,600, - 
상품,B0000429,8801062890958 ,모구모구 피치아이스,모구모구 피치아이스,600,600, - 
상품,B0000434,8801104301169 ,엔쵸초코,엔쵸초코,600,600, - 
상품,B0000488,8801062885268 ,돌아온 엄마의실수,돌아온 엄마의실수,600,600, - 
상품,B0000489,8801062885275 ,돌아온까마쿤,돌아온까마쿤,600,600, - 
상품,B0000490,8801062884513 ,가나아이스바,가나아이스바,600,600, - 
상품,B0000495,8801104666060 ,엔초민트초코,엔초민트초코,600,600, - 
상품,B0000513,8801062016815 ,인투더망고바,인투더망고바,600,600, - 
상품,B0000515,8801062014750 ,가나 초키초키,가나 초키초키,600,600, - 
상품,B0000553,8809713220215 ,1200 하이카카오바 093259,1200 하이카카오바 093259,600,600, - 
상품,B0000584,8809713220680 ,누가바 마스카포네딸기,1200 누가바 마스카포네딸기093630,600,600, - 
상품,B0000593,8809713220772 ,아포가토,1200 아포가토083041,600,600, - 
상품,B0000608,8801062883059 ,모구모구 파인아이스,모구모구 파인아이스,600,600, - 
상품,B0000625,8809713220918 ,하이카카오,하이카카오,600,600, - 
상품,B0000642,8809713220864 ,쵸코피넛바,쵸코피넛바,600,600, - 
상품,B0000646,8801062882465 ,엄마의실수,엄마의실수,600,600, - 
상품,B0000647,8801062888061 ,블랙죠,블랙죠,600,600, - 
상품,B0000661,8801062881376 ,스크류주물러,스크류주물러,600,600, - 
상품,B0000705,8801062880454 ,가나 아이스바,가나 아이스바,600,600, - 
상품,B0000854,8801062876600 ,옥동자 가나초콜릿,옥동자 가나초콜릿,600,600, - 
상품,B0000867,8801062877959 ,빼빼로바,빼빼로바,600,600, - 
상품,B0000913,8801062874262 ,와일드바디 쿠키앤크림,와일드바디 쿠키앤크림,600,600, - 
상품,B0000914,8801062874637 ,빼빼로바 크런키,빼빼로바 크런키,600,600, - 
상품,B0000972,8809592640463 ,롤링바,롤링바,600,600, - 
상품,B0001036,8801062869114 ,가나 제로 아이스바,가나 제로 아이스바,600,600, - 
상품,B0000384,8801118255595 ,구구바딸기,구구바딸기,700,700, - 
상품,B0000626,8801104666831 ,단호박비비빅,단호박비비빅,700,700, - 
상품,B0000043,8801062004027 ,수박아이스,수박아이스,800,800, - 
상품,B0000044,8801062004034 ,스크류아이스,스크류아이스,800,800, - 
상품,B0000060,8801062002368 ,고드름레몬아이스,고드름레몬아이스,800,800, - 
상품,B0000116,8801104305099 ,더위사냥 구슬아이스,더위사냥 구슬아이스,800,800, - 
상품,B0000121,8801104305112 ,더위사냥 구슬아이스 레인보우,더위사냥 구슬아이스 레인보우,800,800, - 
상품,B0000145,8801062004010 ,죠스아이스,죠스아이스,800,800, - 
상품,B0000162,8801019511172 ,자유시간,자유시간,800,800, - 
상품,B0000207,8801019509445 ,홈런볼슈아이스,홈런볼슈아이스,800,800, - 
상품,B0000221,8801062418497 ,본젤라또 블랙쿠키,본젤라또 블랙쿠키,800,800, - 
상품,B0000243,8801019513763 ,크런치킹 쌍쌍바맛,크런치킹 쌍쌍바맛,800,800, - 
상품,B0000291,8801062012367 ,가나 초코아이스,가나 초코아이스,800,800, - 
상품,B0000305,8801104307161 ,더위사냥 구슬아이스 블루스노우,더위사냥 구슬아이스 블루스노우,800,800, - 
상품,B0000306,8801104307178 ,더위사냥 구슬아이스 레인보우,더위사냥 구슬아이스 레인보우,800,800, - 
상품,B0000317,8801118255281 ,델몬트 수박아이스,델몬트 수박아이스,800,800, - 
상품,B0000444,8801118255854 ,아이스배,아이스배,800,800, - 
상품,B0000477,8801019515057 ,애플시나몬,애플시나몬,800,800, - 
상품,B0000496,8801062883547 ,앙빵디저트 메론,앙빵디저트 메론,800,800, - 
상품,B0000504,8801104306324 ,더위 카라멜 치어팩24,더위 카라멜 치어팩24,800,800, - 
상품,B0000505,8801104302937 ,제티 초코24,제티 초코24,800,800, - 
상품,B0000506,8801104304450 ,제티 쿠앤크 24,제티 쿠앤크 24,800,800, - 
상품,B0000511,8801062416974 ,멜로니아,멜로니아,800,800, - 
상품,B0000621,8805584111577 ,망고30,망고30,800,800, - 
상품,B0000632,8805584111041 ,라벨리,라벨리,800,800, - 
상품,B0000633,8805584111010 ,라벨리,라벨리,800,800, - 
상품,B0000634,8805584111027 ,라벨리,라벨리,800,800, - 
상품,B0000640,8805584111034 ,캔디커피,캔디커피,800,800, - 
상품,B0000641,8805584111102 ,라벨리쵸코,라벨리쵸코,800,800, - 
상품,B0000650,8801118255885 ,쵸코바나나,쵸코바나나,800,800, - 
상품,B0000046,8801104304399 ,요맘때 요거그린,요맘때 요거그린,800,"1,000",200
상품,B0000047,8801062422517 ,월드콘,월드콘,800,"1,000",200
상품,B0000048,8801019510243 ,부라보콘 초코청크,부라보콘 초코청크,800,"1,000",200
상품,B0000049,8801019509209 ,부라보 피스타치오,부라보 피스타치오,800,"1,000",200
상품,B0000050,8801104302593 ,요맘때 딸기콘,요맘때 딸기콘,800,"1,000",200
상품,B0000051,8801104301435 ,요맘때 플레인콘,요맘때 플레인콘,800,"1,000",200
상품,B0000053,8801118253751 ,구구콘 화이트,구구콘 화이트,800,"1,000",200
상품,B0000054,8801019509223 ,부라보콘 그레이프,부라보콘 그레이프,800,"1,000",200
상품,B0000055,8801019509193 ,부라보 바닐라,부라보 바닐라,800,"1,000",200
상품,B0000119,8801104131100 ,슈팅스타,슈팅스타,800,"1,000",200
상품,B0000138,8801104111560 ,클랙식요맘때 플레인,클랙식요맘때 플레인,800,"1,000",200
상품,B0000158,8801118253003 ,더블콘타워,더블콘타워,800,"1,000",200
상품,B0000166,8801062004041 ,월드콘논산딸기,월드콘논산딸기,800,"1,000",200
상품,B0000172,8801062422630 ,월드콘 헤이즐럿,월드콘 헤이즐럿,800,"1,000",200
상품,B0000182,8801062623631 ,월드콘 체리베리,월드콘 체리베리,800,"1,000",200
상품,B0000183,8801062623655 ,월드콘 바나나,월드콘 바나나,800,"1,000",200
상품,B0000228,8801104305327 ,요맘때콘 백도,요맘때콘 백도,800,"1,000",200
상품,B0000249,8801062010257 ,옥동자콘,옥동자콘,800,"1,000",200
상품,B0000250,8801019514135 ,부라보콘체리,부라보콘체리,800,"1,000",200
상품,B0000283,8801104304351 ,슈퍼콘 초코,슈퍼콘 초코,800,"1,000",200
상품,B0000284,8801104304375 ,슈퍼콘 바닐라,슈퍼콘 바닐라,800,"1,000",200
상품,B0000346,8801118252181 ,그릭요거트콘,그릭요거트콘,800,"1,000",200
상품,B0000353,8801062013616 ,옥수수콘,옥수수콘,800,"1,000",200
상품,B0000362,8801062016457 ,스키피콘,스키피콘,800,"1,000",200
상품,B0000366,8801104663908 ,요맘때 그릭콘블루베리,요맘때 그릭콘블루베리,800,"1,000",200
상품,B0000375,8801118255601 ,아맛나콘,아맛나콘,800,"1,000",200
상품,B0000379,8801104664271 ,슈퍼콘딸기,슈퍼콘딸기,800,"1,000",200
상품,B0000396,8801118255694 ,망고크림콘,망고크림콘,800,"1,000",200
상품,B0000909,8801118256608 ,구구콘 스트로베리,구구콘 스트로베리,800,"1,000",200
상품,B0000035,8801118252372 ,백제신라고구마,백제신라고구마,800,"1,000",200
상품,B0000041,8801118252938 ,팬케이크샌드,팬케이크샌드,800,"1,000",200
상품,B0000139,8801019507427 ,크런치킹 샌드,크런치킹 샌드,800,"1,000",200
상품,B0000175,8801118252112 ,쿠키오 치즈샌드,쿠키오 치즈샌드,800,"1,000",200
상품,B0000178,8801118254055 ,빠삐코파우치,빠삐코파우치,800,"1,000",200
상품,B0000187,8801062436705 ,허니버터 와플샌드,허니버터 와플샌드,800,"1,000",200
상품,B0000203,8801062435159 ,잇츠와플통팥,잇츠와플통팥,800,"1,000",200
상품,B0000205,8801019507434 ,꿀호떡,꿀호떡,800,"1,000",200
상품,B0000223,8801019511103 ,바밤바샌드,바밤바샌드,800,"1,000",200
상품,B0000244,8801019513756 ,토피넛샌드,토피넛샌드,800,"1,000",200
상품,B0000275,8801118255038 ,빠삐코파우치 바닐라,빠삐코파우치 바닐라,800,"1,000",200
상품,B0000327,8801118255274 ,델몬트망고파우치,델몬트망고파우치,800,"1,000",200
상품,B0000349,8801118255496 ,빵빠레그릭요거트,빵빠레그릭요거트,800,"1,000",200
상품,B0000363,8801062016464 ,스피키샌드,스피키샌드,800,"1,000",200
상품,B0000374,8801118255656 ,빵빠레 우유소프트,빵빠레 우유소프트,800,"1,000",200
상품,B0000387,8801104664509 ,슈팅스타트리컬러,슈팅스타트리컬러,800,"1,000",200
상품,B0000422,8801104664370 ,더위사냥칼라만시파우치,더위사냥칼라만시파우치,800,"1,000",200
상품,B0000423,8801104664356 ,더위사냥키위슬러시파우치,더위사냥키위슬러시파우치,800,"1,000",200
상품,B0000448,8801019508875 ,크런치킹콘,크런치킹콘,800,"1,000",200
상품,B0000462,8801118256035 ,쿠키오 코코넛 샌드,쿠키오 코코넛 샌드,800,"1,000",200
상품,B0000475,8801062887590 ,앙빠빠샌드,앙빠빠샌드,800,"1,000",200
상품,B0000622,8801068370140 ,아시나요,아시나요,800,"1,000",200
상품,B0000648,8801068370133 ,아시나요모카,아시나요모카,800,"1,000",200
상품,B0000918,8801118256592 ,빵빠레 딸기,빵빠레 딸기,800,"1,000",200
상품,B0000042,8801062442898 ,설레임 밀크,설레임 밀크,800,"1,000",200
상품,B0000144,8801062004133 ,설레임 애플 키위,설레임 애플 키위,800,"1,000",200
상품,B0000311,8801062443444 ,설레임오렌지망고,설레임오렌지망고,800,"1,000",200
상품,B0000337,8801062014774 ,월드콘 모카크림,월드콘 모카크림,800,"1,000",200
상품,B0000399,8801048443451 ,설레임바나나,설레임바나나,800,"1,000",200
상품,B0000400,8801062892525 ,설레임오렌지망고,설레임오렌지망고,800,"1,000",200
상품,B0000425,8801019514814 ,부라보소프트콘,부라보소프트콘,800,"1,000",200
상품,B0000426,8801019514807 ,부라보수박콘,부라보수박콘,800,"1,000",200
상품,B0000428,8801104664486 ,슈퍼콘민트초코,슈퍼콘민트초코,800,"1,000",200
상품,B0000438,8801062890507 ,월드콘 아몬드브리톨,월드콘 아몬드브리톨,800,"1,000",200
상품,B0000446,8801062442911 ,설레임커피,설레임커피,800,"1,000",200
상품,B0000481,8809592640227 ,서주민트리치콘,서주민트리치콘,800,"1,000",200
상품,B0000483,8801104666190 ,요맘때파우치,요맘때파우치,800,"1,000",200
상품,B0000508,8801104665896 ,요맘때 그릭콘 믹스베리24,요맘때 그릭콘 믹스베리24,800,"1,000",200
상품,B0000520,8801062892518 ,설레임 카카오쉐이크,설레임 카카오쉐이크,800,"1,000",200
상품,B0000524,8801062884322 ,월드콘 애플크럼블,월드콘 애플크럼블,800,"1,000",200
상품,B0000533,8809713220017 ,부라보콘 바닐라,부라보콘 바닐라,800,"1,000",200
상품,B0000546,8801206000298 ,마카롱콘,마카롱콘,800,"1,000",200
상품,B0000560,8809713220376 ,1500 부라보그레이프OP082046,1500 부라보그레이프OP082046,800,"1,000",200
상품,B0000561,8809713220383 ,부라보초코청크마일드,1500 부라보초코청크마일드OP082042,800,"1,000",200
상품,B0000562,8809713220413 ,1500 부라보소프트콘082055,1500 부라보소프트콘082055,800,"1,000",200
상품,B0000563,8809713220420 ,1500 자유시간콘082052,1500 자유시간콘082052,800,"1,000",200
상품,B0000564,8809713220437 ,1500 크런치킹콘082050,1500 크런치킹콘082050,800,"1,000",200
상품,B0000585,8809713220697 ,부라보수박콘,1500 부라보수박콘082056,800,"1,000",200
상품,B0000586,8809713220703 ,부라보체리,1500 부라보체리OP082036,800,"1,000",200
상품,B0000606,8801118256165 ,구구콘,구구콘,800,"1,000",200
상품,B0000628,8801118256233 ,마다가스카르 구구콘,마다가스카르 구구콘,800,"1,000",200
상품,B0000629,8801118256103 ,구구콘,구구콘,800,"1,000",200
상품,B0000774,8801062883189 ,설레임 레모네이드,설레임 레모네이드,800,"1,000",200
상품,B0000216,8801062002405 ,말랑카우콘,말랑카우콘,900,"1,000",100
상품,B0000342,8801062012350 ,가나소프트콘,가나소프트콘,900,"1,000",100
상품,B0000401,8801062623501 ,녹차의연인콘,녹차의연인콘,900,"1,000",100
상품,B0000217,8801062003532 ,찰떡아이스딸기,찰떡아이스딸기,900,"1,000",100
상품,B0000344,8801104308694 ,밤붕어싸만코,밤붕어싸만코,900,"1,000",100
상품,B0000376,8801118255489 ,국화빵인절미,국화빵인절미,900,"1,000",100
상품,B0000474,8801104666381 ,빵또와 콘스프,빵또와 콘스프,900,"1,000",100
상품,B0000501,8809713220284 ,부라보샌드,부라보샌드,900,"1,000",100
상품,B0000502,8809713220260 ,바밤바샌드,바밤바샌드,900,"1,000",100
상품,B0000615,8801118256011 ,국화빵 앙버터,국화빵 앙버터,900,"1,000",100
상품,B0000480,8801062884902 ,찰떡아이스 딸기,찰떡아이스 딸기,900,"1,000",100
상품,B0000034,8801118251269 ,국화빵,국화빵,"1,000","1,000", - 
상품,B0000036,8801104302081 ,붕어싸만코,붕어싸만코,"1,000","1,000", - 
상품,B0000037,8801206000045 ,빵뚜루,빵뚜루,"1,000","1,000", - 
상품,B0000038,8801118251405 ,쿠키오,쿠키오,"1,000","1,000", - 
상품,B0000039,8801062435692 ,본가찰옥수수,본가찰옥수수,"1,000","1,000", - 
상품,B0000040,8801104302067 ,빵또아,빵또아,"1,000","1,000", - 
상품,B0000045,8801062422531 ,와쿠와크,와쿠와크,"1,000","1,000", - 
상품,B0000052,8801118251221 ,구구콘,구구콘,"1,000","1,000", - 
상품,B0000056,8801118251313 ,빵빠레초코,빵빠레초코,"1,000","1,000", - 
상품,B0000057,8801118251306 ,빵빠레 바닐라,빵빠레 바닐라,"1,000","1,000", - 
상품,B0000061,8801104152112 ,삼색파르페,삼색파르페,"1,000","1,000", - 
상품,B0000114,8801062435951 ,와,와,"1,000","1,000", - 
상품,B0000117,8801104301602 ,빵또아 블루베리,빵또아 블루베리,"1,000","1,000", - 
상품,B0000118,8801104305037 ,빵또아 레드벨벳,빵또아 레드벨벳,"1,000","1,000", - 
상품,B0000143,8801019512124 ,파르페 쿠키앤크림,파르페 쿠키앤크림,"1,000","1,000", - 
상품,B0000171,8801118254048 ,돼지콘,돼지콘,"1,000","1,000", - 
상품,B0000184,8801062422838 ,본젤라또콘 치즈,본젤라또콘 치즈,"1,000","1,000", - 
상품,B0000185,8801062422753 ,본젤라또콘 초코,본젤라또콘 초코,"1,000","1,000", - 
상품,B0000202,8801062435197 ,찰떡아이스,찰떡아이스,"1,000","1,000", - 
상품,B0000212,8801019508912 ,찰떡시모나,찰떡시모나,"1,000","1,000", - 
상품,B0000213,8801062436064 ,잇츠와플바닐라,잇츠와플바닐라,"1,000","1,000", - 
상품,B0000219,8801062436729 ,칙촉샌드아이스,칙촉샌드아이스,"1,000","1,000", - 
상품,B0000220,8801062002092 ,요하이콘,요하이콘,"1,000","1,000", - 
상품,B0000225,8801104305136 ,붕어싸만코 녹차,붕어싸만코 녹차,"1,000","1,000", - 
상품,B0000227,8801062422456 ,더블비얀코 초코,더블비얀코 초코,"1,000","1,000", - 
상품,B0000267,8801104306928 ,떡붕어싸만코,떡붕어싸만코,"1,000","1,000", - 
상품,B0000271,8801104307048 ,부드러운빵또와,부드러운빵또와,"1,000","1,000", - 
상품,B0000272,8801062436514 ,트로피칼 파르페,트로피칼 파르페,"1,000","1,000", - 
상품,B0000309,8801062013296 ,라이트엔젤 모카아이스,라이트엔젤 모카아이스,"1,000","1,000", - 
상품,B0000310,8801062013302 ,라이트엔젤 레몬아이스,라이트엔젤 레몬아이스,"1,000","1,000", - 
상품,B0000330,8801019513770 ,시모나 블러드오렌지,시모나 블러드오렌지,"1,000","1,000", - 
상품,B0000364,8801019514548 ,해태 인절미시모나,해태 인절미시모나,"1,000","1,000", - 
상품,B0000365,8801104663922 ,요맘때 그릭콘플레인,요맘때 그릭콘플레인,"1,000","1,000", - 
상품,B0000372,8801062894192 ,비얀코말랑카우,비얀코말랑카우,"1,000","1,000", - 
상품,B0000377,8801118255557 ,국화빵통팥,국화빵통팥,"1,000","1,000", - 
상품,B0000417,8801118255755 ,국화빵딸기,국화빵딸기,"1,000","1,000", - 
상품,B0000439,8801104306140 ,꽃보다인절미,꽃보다인절미,"1,000","1,000", - 
상품,B0000442,8801062891511 ,허쉬바,허쉬바,"1,000","1,000", - 
상품,B0000447,8801062891504 ,허쉬쿠키 크런치바,허쉬쿠키 크런치바,"1,000","1,000", - 
상품,B0000451,8801062623488 ,더블비얀코,더블비얀코,"1,000","1,000", - 
상품,B0000455,8801062889747 ,월드콘초코,월드콘초코,"1,000","1,000", - 
상품,B0000473,8801104666404 ,붕어싸만코 초코,붕어싸만코 초코,"1,000","1,000", - 
상품,B0000476,8801062887163 ,쌀로달,쌀로달,"1,000","1,000", - 
상품,B0000478,8801118256080 ,빵빠레샌드,빵빠레샌드,"1,000","1,000", - 
상품,B0000479,8801062887729 ,찰떡아이스 쿠키,찰떡아이스 쿠키,"1,000","1,000", - 
상품,B0000482,8801019515026 ,부라보샌드,부라보샌드,"1,000","1,000", - 
상품,B0000503,8809592640258 ,서주연유콘,서주연유콘,"1,000","1,000", - 
상품,B0000514,8801062442638 ,초키초키,초키초키,"1,000","1,000", - 
상품,B0000516,8801062899302 ,옥동자모나카,옥동자모나카,"1,000","1,000", - 
상품,B0000523,8801062884889 ,더블비얀코 초코,더블비얀코 초코,"1,000","1,000", - 
상품,B0000534,8809713220444 ,찰떡시모나,찰떡시모나,"1,000","1,000", - 
상품,B0000535,8809713220109 ,꿀호떡시모나,꿀호떡시모나,"1,000","1,000", - 
상품,B0000545,8801206002001 ,빵뚜르옥수수샌드,빵뚜르옥수수샌드,"1,000","1,000", - 
상품,B0000556,8809713220277 ,1000 바밤바아이스샌드U 093542,1000 바밤바아이스샌드U 093542,"1,000","1,000", - 
상품,B0000559,8809713220369 ,1500 부라보피스타치오OP082044,1500 부라보피스타치오OP082044,"1,000","1,000", - 
상품,B0000565,8809713220451 ,1000 인절미시모나085016,1000 인절미시모나085016,"1,000","1,000", - 
상품,B0000566,8809713220475 ,1000 애플시나몬시모나085019,1000 애플시나몬시모나085019,"1,000","1,000", - 
상품,B0000603,8801104665933 ,비비빅 찹쌀떡,비비빅 찹쌀떡,"1,000","1,000", - 
상품,B0000605,8809713220925 ,부라보베리,부라보베리,"1,000","1,000", - 
상품,B0000630,8801062898695 ,라즈베리쇼콜라,라즈베리쇼콜라,"1,000","1,000", - 
상품,B0000698,8801118256271 ,희한한 군고구마,희한한 군고구마,"1,000","1,000", - 
상품,B0000700,8801062880461 ,인절미샌드,인절미샌드,"1,000","1,000", - 
상품,B0000795,8801062879960 ,찰떡아이스 씨앗호떡맛,찰떡아이스 씨앗호떡맛,"1,000","1,000", - 
상품,B0000812,8801062878406 ,월드콘 쿠키앤크림,월드콘 쿠키앤크림,"1,000","1,000", - 
상품,B0000813,8801118256301 ,빵빠레 초코,빵빠레 초코,"1,000","1,000", - 
상품,B0000832,8801062877041 ,신묘한 찰옥수수 콘치즈,신묘한 찰옥수수 콘치즈,"1,000","1,000", - 
상품,B0000833,8801104669504 ,떡또아 티라미수,떡또아 티라미수,"1,000","1,000", - 
상품,B0000870,8801104668873 ,흑임자 붕어싸만코,흑임자 붕어싸만코,"1,000","1,000", - 
상품,B0000895,8801062876051 ,찰떡아이스 치즈떡볶이,찰떡아이스 치즈떡볶이,"1,000","1,000", - 
상품,B0000910,8809713220338 ,부라보 화이트바닐라,부라보 화이트바닐라,"1,000","1,000", - 
상품,B0000915,8801062874613 ,디저트 쿠앤크깜뜨세트,디저트 쿠앤크깜뜨세트,"1,000","1,000", - 
상품,B0000920,8801104670067 ,슈퍼콘 쿠앤크,슈퍼콘 쿠앤크,"1,000","1,000", - 
상품,B0000942,8801062874248 ,월드콘 까마로사 딸기,월드콘 까마로사 딸기,"1,000","1,000", - 
상품,B0000943,8801062876150 ,더블비얀코  베리&베리,더블비얀코  베리&베리,"1,000","1,000", - 
상품,B0000953,8801062872886 ,와 포도,와 포도,"1,000","1,000", - 
상품,B0000960,8801104671453 ,빵또아 슈팅스타,빵또아 슈팅스타,"1,000","1,000", - 
상품,B0000961,8801104671026 ,요맘때 슈팅스타,요맘때 슈팅스타,"1,000","1,000", - 
상품,B0000962,8801104670760 ,멘붕어싸만코,멘붕어싸만코,"1,000","1,000", - 
상품,B0000971,8801062623471 ,월드콘,월드콘,"1,000","1,000", - 
상품,B0000977,8801062873609 ,와 사과,와 사과,"1,000","1,000", - 
상품,B0001039,8801118257070 ,국화빵 호두맛,국화빵 호두맛,"1,000","1,000", - 
상품,B0001040,8801118257049 ,초코퍼지 크런치샌드,초코퍼지 크런치샌드,"1,000","1,000", - 
상품,B0001062,8801062869121 ,쫀득쫀득 찰떡아이스 초코,쫀득쫀득 찰떡아이스 초코,"1,000","1,000", - 
상품,B0001066,8801206002537 ,쑥이랑떡이랑,쑥이랑떡이랑,"1,000","1,000", - 
상품,B0001067,8809713221465 ,초코마루샌드,초코마루샌드,"1,000","1,000", - 
상품,B0000358,8805584111591 ,라벨리 영원한봄,라벨리 영원한봄,"1,200","1,200", - 
상품,B0000359,8805584111669 ,라벨리 드라큘라바,라벨리 드라큘라바,"1,200","1,200", - 
상품,B0000115,8801062013197 ,색고드름,색고드름,"1,300","1,300", - 
상품,B0000449,8809592640210 ,모히또펀치,모히또펀치,"1,300","1,300", - 
상품,B0000645,8809713220895 ,피치레몬,피치레몬,"1,300","1,300", - 
상품,B0000607,8809592640272 ,아이스쿨,아이스쿨,"1,300","1,500",200
상품,B0000059,8801118251351 ,쿨샷,쿨샷,"1,500","1,500", - 
상품,B0000063,8801118251276 ,팥빙수파티,팥빙수파티,"1,500","1,500", - 
상품,B0000064,8801104304979 ,꽃보다 빙수 딸기,꽃보다 빙수 딸기,"1,500","1,500", - 
상품,B0000065,8801104302265 ,꽃보다 빙수 망고,꽃보다 빙수 망고,"1,500","1,500", - 
상품,B0000066,8801206000540 ,서주 메론 빙수,서주 메론 빙수,"1,500","1,500", - 
상품,B0000067,8801118253669 ,구구크러스트컵,구구크러스트컵,"1,500","1,500", - 
상품,B0000105,8801104302364 ,투게더 미니컵,투게더 미니컵,"1,500","2,500","1,000"
상품,B0000106,8801104302531 ,엑설런트 미니컵,엑설런트 미니컵,"1,500","2,000",500
상품,B0000124,8801104302999 ,투게더 시그니처,투게더 시그니처,"1,500","1,500", - 
상품,B0000153,8801104303019 ,투게더 미니녹차컵,투게더 미니녹차컵,"1,500","2,500","1,000"
상품,B0000164,8801206680247 ,프라페 까페라떼,프라페 까페라떼,"1,500","1,500", - 
상품,B0000165,8801206000137 ,프라페 오렌지망고,프라페 오렌지망고,"1,500","1,500", - 
상품,B0000168,8801104305181 ,파르페 티라미수,파르페 티라미수,"1,500","1,500", - 
상품,B0000235,8801062007356 ,허쉬초코모나카,허쉬초코모나카,"1,500","1,500", - 
상품,B0000237,8801206000892 ,셰프의 오후 카라멜,셰프의 오후 카라멜,"1,500","1,500", - 
상품,B0000238,8801206000885 ,셰프의오후 딸기,셰프의오후 딸기,"1,500","1,500", - 
상품,B0000285,8801104306232 ,비빙수,비빙수,"1,500","1,500", - 
상품,B0000287,8801062412457 ,허쉬초코바,허쉬초코바,"1,500","1,500", - 
상품,B0000289,8801019509315 ,피치,피치,"1,500","1,500", - 
상품,B0000302,8801062011896 ,라이트앤젤 바나나컵,라이트앤젤 바나나컵,"1,500","1,500", - 
상품,B0000303,8801062011889 ,라이트엔젤 녹차컵미니,라이트엔젤 녹차컵미니,"1,500","1,500", - 
상품,B0000304,8801062011872 ,라이트엔젤 초코컵 미니,라이트엔젤 초코컵 미니,"1,500","1,500", - 
상품,B0000321,8801206000533 ,서주아이스주 화이트빙수,서주아이스주 화이트빙수,"1,500","1,500", - 
상품,B0000322,8801206000526 ,서주수박빙수,서주수박빙수,"1,500","1,500", - 
상품,B0000329,8801062002115 ,본젤라또 앙상블,본젤라또 앙상블,"1,500","1,500", - 
상품,B0000357,8805584111843 ,라벨리 디요거트,라벨리 디요거트,"1,500","1,500", - 
상품,B0000360,8805584111140 ,라벨리 리치몬드,라벨리 리치몬드,"1,500","1,500", - 
상품,B0000361,8805584111638 ,라벨리 라보떼초코바,라벨리 라보떼초코바,"1,500","1,500", - 
상품,B0000367,8801104663311 ,카페오레 파르페,카페오레 파르페,"1,500","1,500", - 
상품,B0000394,8801118253836 ,빠삐코빙수,빠삐코빙수,"1,500","1,500", - 
상품,B0000395,8801118253843 ,아맛나빙수,아맛나빙수,"1,500","1,500", - 
상품,B0000410,8809592640166 ,서주 휴빙수,서주 휴빙수,"1,500","1,500", - 
상품,B0000416,8801062014743 ,허쉬쿠키크런치바,허쉬쿠키크런치바,"1,500","1,500", - 
상품,B0000497,8801062885008 ,가나파르페,가나파르페,"1,500","1,500", - 
상품,B0000517,8801062008582 ,가나모나카,가나모나카,"1,500","1,500", - 
상품,B0000518,8801062893263 ,가나비얀코,가나비얀코,"1,500","1,500", - 
상품,B0000519,8801062896813 ,가나민트초코콘,가나민트초코콘,"1,500","1,500", - 
상품,B0000521,8801062443451 ,설레임바나나,설레임바나나,"1,500","1,500", - 
상품,B0000525,8801062883806 ,카페프레소,카페프레소,"1,500","1,500", - 
상품,B0000544,8801206640166 ,서주휴빙수,서주휴빙수,"1,500","1,500", - 
상품,B0000557,8809713220291 ,팥빙수,3000 팥빙수093608,"1,500","1,500", - 
상품,B0000572,8809713220093 ,아이스가이피치,2500 아이스가이피치OP093628,"1,500","1,500", - 
상품,B0000660,8809592640371 ,아이스쿨 포도,아이스쿨 포도,"1,500","1,500", - 
상품,B0000697,8801206000397 ,파르페 쿠키&너츠카라멜,파르페 쿠키&너츠카라멜,"1,500","1,500", - 
상품,B0000869,8801104669962 ,쿠앤크 파르페,쿠앤크 파르페,"1,500","1,500", - 
상품,B0000899,8801062874712 ,고드름 레몬라임,고드름 레몬라임,"1,500","1,500", - 
상품,B0000954,8801104671644 ,메로나 빙수,메로나 빙수,"1,500","1,500", - 
상품,B0000958,8801104670906 ,엑설런트 컵,엑설런트 컵,"1,500","2,000",500
상품,B0001031,8801104670791 ,엑셀런트 콘,엑셀런트 콘,"1,500","1,500", - 
상품,B0000062,8801062002504 ,롯데일품팥빙수,롯데일품팥빙수,"2,000","2,000", - 
상품,B0000107,8801062623662 ,허쉬 크런치 아몬드 콘,허쉬 크런치 아몬드 콘,"2,000","2,000", - 
상품,B0000109,8801104172134 ,끌레도르바 쿠키앤크림,끌레도르바 쿠키앤크림,"2,000","2,000", - 
상품,B0000110,8801104172059 ,끌레도르바 베리믹스,끌레도르바 베리믹스,"2,000","2,000", - 
상품,B0000111,8801062436439 ,미니멜츠 빅 포도소다,미니멜츠 빅 포도소다,"2,000","2,000", - 
상품,B0000112,8801062436453 ,미니멜츠 빅 초코볼,미니멜츠 빅 초코볼,"2,000","2,000", - 
상품,B0000113,8801062475780 ,미니멜츠 구슬 초코바닐라,미니멜츠 구슬 초코바닐라,"2,000","2,000", - 
상품,B0000127,8801062475797 ,미니멜츠 캔디,미니멜츠 캔디,"2,000","2,000", - 
상품,B0000128,8801062475810 ,미니멜츠 레인보우,미니멜츠 레인보우,"2,000","2,000", - 
상품,B0000129,8801118358029 ,라베스트 체리콘,라베스트 체리콘,"2,000","2,000", - 
상품,B0000130,8801118358012 ,라베스트 치즈케이크콘,라베스트 치즈케이크콘,"2,000","2,000", - 
상품,B0000131,8801118252396 ,라베스트 크림치즈바,라베스트 크림치즈바,"2,000","2,000", - 
상품,B0000163,8801062013999 ,본젤라또 마카롱 아이스크림,본젤라또 마카롱 아이스크림,"2,000","2,000", - 
상품,B0000169,8801104304627 ,끌레도르 바닐라바,끌레도르 바닐라바,"2,000","2,000", - 
상품,B0000173,8801118252402 ,라베스트헤즐럿,라베스트헤즐럿,"2,000","2,000", - 
상품,B0000180,8801118253966 ,라베스트 망고소르베,라베스트 망고소르베,"2,000","2,000", - 
상품,B0000186,8801118253973 ,라베스트 그레이프,라베스트 그레이프,"2,000","2,000", - 
상품,B0000214,8801118253393 ,라베스트티라미수콘,라베스트티라미수콘,"2,000","2,000", - 
상품,B0000215,8801118253102 ,라베스트헤즐넛초코,라베스트헤즐넛초코,"2,000","2,000", - 
상품,B0000229,8801062002924 ,구슬아이스쿠앤크,구슬아이스쿠앤크,"2,000","2,000", - 
상품,B0000251,8801104172042 ,끌레도르 에스프레소커피,끌레도르 에스프레소커피,"2,000","2,000", - 
상품,B0000274,8801104306829 ,끌레도르 크림치즈바,끌레도르 크림치즈바,"2,000","2,000", - 
상품,B0000333,8801062013203 ,미니멜츠 스크류,미니멜츠 스크류,"2,000","2,000", - 
상품,B0000334,8801062013210 ,미니멜츠 수박,미니멜츠 수박,"2,000","2,000", - 
상품,B0000341,8801062422272 ,허쉬콘 크런치 아몬드,허쉬콘 크런치 아몬드,"2,000","2,000", - 
상품,B0000354,8801206001141 ,다쿠아즈샌트,다쿠아즈샌트,"2,000","2,000", - 
상품,B0000355,8805584222068 ,라벨리 라보떼 초코맛,라벨리 라보떼 초코맛,"2,000","2,000", - 
상품,B0000356,8805584222105 ,라벨리 라보떼 쿠크앤크림,라벨리 라보떼 쿠크앤크림,"2,000","2,000", - 
상품,B0000402,8801118255373 ,라베스트 치즈케이크콘,라베스트 치즈케이크콘,"2,000","2,000", - 
상품,B0000403,8801118255533 ,라베스트 민트초코콘,라베스트 민트초코콘,"2,000","2,000", - 
상품,B0000404,8801118255564 ,라베스트 민트초코바,라베스트 민트초코바,"2,000","2,000", - 
상품,B0000405,8801118255168 ,라베스트 쿠키크림치즈바,라베스트 쿠키크림치즈바,"2,000","2,000", - 
상품,B0000406,8801118255175 ,라베스트 벨기에초코바,라베스트 벨기에초코바,"2,000","2,000", - 
상품,B0000415,8805584224079 ,라밸라 팥빙수,라밸라 팥빙수,"2,000","2,000", - 
상품,B0000424,8801104664660 ,투게더미니어처,투게더미니어처,"2,000","2,500",500
상품,B0000436,8801062890842 ,미니멜츠 멜론앤소다,미니멜츠 멜론앤소다,"2,000","2,000", - 
상품,B0000440,8801104663199 ,끌레도르 크림치즈 딸기,끌레도르 크림치즈 딸기,"2,000","2,000", - 
상품,B0000459,8801104663175 ,끌레도르끼리블루베리,끌레도르끼리블루베리,"2,000","2,000", - 
상품,B0000522,8801062891498 ,허쉬크런치아몬드콘,허쉬크런치아몬드콘,"2,000","2,000", - 
상품,B0000526,8801062475803 ,슬로우멜츠 후레쉬딸기,슬로우멜츠 후레쉬딸기,"2,000","2,000", - 
상품,B0000614,8805584224352 ,라벨리 팥빙수,라벨리 팥빙수,"2,000","2,000", - 
상품,B0000635,8809566870148 ,커피아메리카노,커피아메리카노,"2,000","2,000", - 
상품,B0000652,8809490180115 ,허쉬쵸코콘,허쉬쵸코콘,"2,000","2,000", - 
상품,B0000653,8809490180047 ,허쉬쿠키콘,허쉬쿠키콘,"2,000","2,000", - 
상품,B0000944,8801062875627 ,본젤라또 망고바,본젤라또 망고바,"2,000","2,000", - 
상품,B0000959,8801118256851 ,떠먹는 돼지바 파르페,떠먹는 돼지바 파르페,"2,000","2,000", - 
상품,B0000966,8801062874729 ,색고드름,색고드름,"2,000","2,000", - 
상품,B0000108,8801104301671 ,끌레도르 초코브라우니 콘,끌레도르 초코브라우니 콘,"2,500","2,500", - 
상품,B0000174,8801104301695 ,끌레도르콘 솔티드카라멜,끌레도르콘 솔티드카라멜,"2,500","2,500", - 
상품,B0000188,8801104300476 ,끌레도르 파르페초코,끌레도르 파르페초코,"2,500","2,500", - 
상품,B0000208,8801062002214 ,수박아이스홈,수박아이스홈,"2,500","2,500", - 
상품,B0000209,8801062004003 ,스크류홈,스크류홈,"2,500","2,500", - 
상품,B0000210,8801062002221 ,죠스홈,죠스홈,"2,500","2,500", - 
상품,B0000211,8801104304689 ,끌레도르와플콘,끌레도르와플콘,"2,500","2,500", - 
상품,B0000226,8801104177023 ,끌레도르와플콘 밀크초코,끌레도르와플콘 밀크초코,"2,500","2,500", - 
상품,B0000286,8801104174008 ,끌레도르쿠앤크콘,끌레도르쿠앤크콘,"2,500","2,500", - 
상품,B0000409,8801118253140 ,라베스트티라미수컵,라베스트티라미수컵,"2,500","2,500", - 
상품,B0000484,8801104665797 ,끌레도르 흑당밀크티,끌레도르 흑당밀크티,"2,500","2,500", - 
상품,B0000485,8801104304795 ,끌레도르 초코퐁당콘,끌레도르 초코퐁당콘,"2,500","2,500", - 
상품,B0000486,8801104174060 ,끌레도르 망고치즈콘,끌레도르 망고치즈콘,"2,500","2,500", - 
상품,B0000651,8805584224369 ,흑당밀크티,흑당밀크티,"2,500","2,500", - 
상품,B0000967,8801104669818 ,끌레도르 파르페 체리 블라썸,끌레도르 파르페 체리 블라썸,"2,500","2,500", - 
상품,B0000198,8801062004188 ,나뚜루 딸기초콜릿바,나뚜루 딸기초콜릿바,"3,000","3,000", - 
상품,B0000199,8801062004171 ,나뚜루 바닐라아몬드바,나뚜루 바닐라아몬드바,"3,000","3,000", - 
상품,B0000200,8801062004164 ,나뚜루 녹차초콜릿바,나뚜루 녹차초콜릿바,"3,000","3,000", - 
상품,B0000201,8801062004201 ,나뚜루녹차컵,나뚜루녹차컵,"3,000","3,000", - 
상품,B0000265,8712100864940 ,매그넘바 민트,매그넘바 민트,"3,000","3,000", - 
상품,B0000414,8801019513718 ,누가바컵,누가바컵,"3,000","3,000", - 
상품,B0000620,8801062412129 ,나뚜루 제주녹차쿠키바,나뚜루 제주녹차쿠키바,"3,000","3,000", - 
상품,B0000191,8712100836169 ,매그넘클래식,매그넘클래식,"3,200","3,200", - 
상품,B0000192,8712100837890 ,매그넘아몬드바,매그넘아몬드바,"3,200","3,200", - 
상품,B0000336,8801118255410 ,스위트홈 우유,스위트홈 우유,"3,500","3,500", - 
상품,B0000610,8801062431830 ,나뚜루컵녹차,나뚜루컵녹차,"3,500","3,500", - 
상품,B0000623,8801062888153 ,나뚜루다크초콜릿바,나뚜루다크초콜릿바,"3,500","3,500", - 
상품,B0000637,8801062431519 ,나뚜루바닐라,나뚜루바닐라,"3,500","3,500", - 
상품,B0000639,8801062431755 ,나뚜루베리,나뚜루베리,"3,500","3,500", - 
상품,B0000236,8801019514272 ,캠벨그레이프,캠벨그레이프,"4,000","4,000", - 
상품,B0000277,8801019514258 ,리틀텐 핑크퐁,리틀텐 핑크퐁,"4,000","4,000", - 
상품,B0000413,8801118255731 ,델몬트미니,델몬트미니,"4,000","4,000", - 
상품,B0000543,8809592640050 ,서주홈딸기앤치즈,서주홈딸기앤치즈,"4,000","4,000", - 
상품,B0000601,8801062414437 ,나뚜루 녹차,나뚜루 녹차,"4,000","4,000", - 
상품,B0000602,8801062413799 ,나뚜루 딸기,나뚜루 딸기,"4,000","4,000", - 
상품,B0000604,8801062412730 ,나뚜루 바닐라,나뚜루 바닐라,"4,000","4,000", - 
상품,B0000612,8809713220833 ,바닐라 베스트원,바닐라 베스트원,"4,000","4,000", - 
상품,B0000081,8801019510076 ,호두마루홈,호두마루홈,"4,000","5,000","1,000"
상품,B0000082,8801019510083 ,체리마루홈,체리마루홈,"4,000","5,000","1,000"
상품,B0000085,8801104302036 ,쿠앤크홈,쿠앤크홈,"4,000","5,000","1,000"
상품,B0000086,8801062453634 ,조안나,조안나,"4,000","5,500","1,500"
상품,B0000087,8801118250248 ,구구쿠러스터,구구쿠러스터,"4,000","5,000","1,000"
상품,B0000089,8801118251344 ,구구아몬드,구구아몬드,"4,000","5,000","1,000"
상품,B0000254,8801062011780 ,티코다크초코,티코다크초코4500,"4,000","6,000","2,000"
상품,B0000255,8801062011797 ,티코밀크초코,티코밀크초코4500,"4,000","6,000","2,000"
상품,B0000256,8801019514203 ,체리마루,체리마루4500,"4,000","5,000","1,000"
상품,B0000257,8801019514210 ,초코마루,초코마루4500,"4,000","5,000","1,000"
상품,B0000258,8801019514197 ,호두마루,호두마루4500,"4,000","5,000","1,000"
상품,B0000262,8801104306997 ,투게더 초콜렛,투게더 초콜렛,"4,000","5,000","1,000"
상품,B0000263,8801104306973 ,투게더 딸기,투게더 딸기,"4,000","5,000","1,000"
상품,B0000264,8801062011803 ,셀렉션 오버토끼,셀렉션 오버토끼,"4,000","6,000","2,000"
상품,B0000268,8801019514227 ,녹차마루홈,녹차마루홈,"4,000","5,000","1,000"
상품,B0000300,8801104307062 ,투게더 녹차초코,투게더 녹차초코,"4,000","5,000","1,000"
상품,B0000316,8801118255205 ,쿠키오홈,쿠키오홈,"4,000","5,000","1,000"
상품,B0000318,8801019514289 ,해태 아몬드 프랄린,해태 아몬드 프랄린,"4,000","5,000","1,000"
상품,B0000319,8801104307284 ,투게더 크림치즈파인트,투게더 크림치즈파인트,"4,000","5,000","1,000"
상품,B0000345,8801118255212 ,그릭요거크홈,그릭요거크홈,"4,000","5,000","1,000"
상품,B0000347,8809592640098 ,서주초코블럭,서주초코블럭,"4,000","5,000","1,000"
상품,B0000348,8801019514296 ,티피,티피,"4,000","5,000","1,000"
상품,B0000350,8801062453658 ,조안나호두홈,조안나호두홈,"4,000","5,500","1,500"
상품,B0000351,8801019514609 ,부라보홈,부라보홈,"4,000","5,000","1,000"
상품,B0000388,8801062894437 ,위즐 치크케익,위즐 치크케익,"4,000","5,000","1,000"
상품,B0000441,8801062453719 ,까마쿤홈,까마쿤홈,"4,000","5,000","1,000"
상품,B0000509,880-1104666084,투게더 흑임자,투게더 흑임자,"4,000","5,000","1,000"
상품,B0000527,8801062016471 ,스키피홈,스키피홈,"4,000","5,000","1,000"
상품,B0000542,8809592640043 ,서주아이스주홈,서주아이스주홈,"4,000","5,000","1,000"
상품,B0000569,880 9713220833,4500베스트원바닐라,4500베스트원바닐라,"4,000","5,000","1,000"
상품,B0000570,880 9713220826,4500베스트원 흑당버블티,4500베스트원 흑당버블티,"4,000","5,000","1,000"
상품,B0000571,8809713220567 ,부라보홈 바닐라,4500 부라보홈 바닐라NP081108,"4,000","5,000","1,000"
상품,B0000247,8809713220222 ,팽이팽이 딸기초코,팽이팽이 딸기초코,"4,300","6,000","1,700"
상품,B0000554,8809713220239 ,4500 리틀텐 NP2 093599,4500 리틀텐 NP2 093599,"4,300","5,000",700
상품,B0000611,8809713220826 ,흑당,흑당,"4,300","5,000",700
상품,B0000567,8809713220543 ,초코청크마루홈081100,초코청크마루홈081100,"4,300","5,000",700
상품,B0000218,8801019510106 ,리틀텐,리틀텐,"4,500","5,000",500
상품,B0000259,8801104163125 ,투게더 쿠앤크,투게더 쿠앤크,"4,500","5,000",500
상품,B0000528,8801062884711 ,위즐 칙촉,위즐 칙촉,"4,500","5,000",500
상품,B0001001,8809713220482 ,호두마루,호두마루,"4,500","5,000",500
상품,B0000083,8801062453337 ,위즐 커피&초코퍼지,위즐 커피&초코퍼지,"4,500","5,000",500
상품,B0000084,8801062453313 ,위즐바닐라,위즐바닐라,"4,500","5,000",500
상품,B0000140,8801104300667 ,투게더 밀크초코,투게더 밀크초코,"4,500","5,000",500
상품,B0000141,8801019513190 ,녹차마루,녹차마루,"4,500","5,000",500
상품,B0000159,8801019511851 ,초코마루청크,초코마루청크,"4,500","5,000",500
상품,B0000224,8801104142380 ,투게더 밀크딸기,투게더 밀크딸기,"4,500","5,000",500
상품,B0000301,8801118255083 ,구구크러스터홈 벨기에초코,구구크러스터홈 벨기에초코,"4,500","5,000",500
상품,B0000343,8801104307888 ,투게더 프로즌요거트,투게더 프로즌요거트,"4,500","5,000",500
상품,B0000460,8801062893782 ,조안나 호두리치,조안나 호두리치,"4,500","5,500","1,000"
상품,B0000461,8801062893799 ,조안나바닐라리치,조안나바닐라리치,"4,500","5,500","1,000"
상품,B0000536,8809713220062 ,호두마루홈,호두마루홈,"4,500","5,000",500
상품,B0000537,8809713220529 ,체리마루홈,체리마루홈,"4,500","5,000",500
상품,B0000538,8809713220536 ,녹차마루홈,녹차마루홈,"4,500","5,000",500
상품,B0000616,8801104666084 ,투게더 흑임자,투게더 흑임자,"4,500","5,000",500
상품,B0000811,8801104666718 ,투게더 프럴린&아몬드,투게더 프럴린&아몬드,"4,500","5,000",500
상품,B0001097,8809713220499 ,체리마루,체리마루,"4,500","5,000",500
상품,B0000280,8801062011384 ,라이트엔젤 초코,라이트엔젤 초코,"4,800","4,800", - 
상품,B0000281,8801062011407 ,라이트엔젤 바나나,라이트엔젤 바나나,"4,800","4,800", - 
상품,B0000282,8801062011391 ,라이트엔젤 녹차,라이트엔젤 녹차,"4,800","4,800", - 
상품,B0000568,8809713220550 ,호두마루홈,5500 호두마루홈081110,"5,000","5,000", - 
상품,B0000253,8801104306843 ,투게더,투게더5500,"5,000","6,000","1,000"
상품,B0000088,8801062417254 ,셀렉션,셀렉션,"5,500","6,000",500
상품,B0000122,8801062453672 ,티코,티코,"5,500","6,000",500
상품,B0000335,8809713220116 ,팽이팽이,팽이팽이,"5,500","6,000",500
상품,B0000338,8801118255076 ,구구벨기에초코 5입,구구벨기에초코 5입,"5,500","5,500", - 
상품,B0001032,8801062871735 ,조안나바,조안나바,"5,500","6,000",500
상품,B0000176,8801062453696 ,티코 다크초코,티코 다크초코,"5,500","6,000",500
상품,B0000239,8801104302104 ,엑셀런트 프렌치바닐라,엑셀런트 프렌치바닐라,"5,500","6,500","1,000"
상품,B0000279,8801104306805 ,엑설런트,엑설런트,"5,500","6,500","1,000"
상품,B0000437,8801104142373 ,투게더,투게더,"5,500","6,000",500
상품,B0000701,8801118256356 ,프라임,프라임,"5,500","6,000",500
상품,B0000896,8801062877263 ,셀렉션  더 싱글초코,셀렉션  더 싱글초코,"5,500","6,000",500
상품,B0000912,8801062875207 ,조안나 쿠앤크깜뜨,조안나 쿠앤크깜뜨,"5,500","6,000",500
상품,B0000975,8801118256790 ,델몬트 미니컵,델몬트 미니컵,"5,500","5,500", - 
상품,B0000193,8000920200025 ,매그넘비엔네타바닐라,매그넘비엔네타바닐라,"6,000","6,000", - 
상품,B0000194,8000920200087 ,매그넘비엔네타 초콜릿,매그넘비엔네타 초콜릿,"6,000","6,000", - 
상품,B0000142,8801104163057 ,엑셀런트,엑셀런트,"6,000","6,500",500
상품,B0000240,8801062004263 ,나뚜르파인트 바닐라,나뚜르파인트 바닐라,"9,000","9,000", - 
상품,B0000241,8801062004249 ,나뚜르파인트 딸기,나뚜르파인트 딸기,"9,000","9,000", - 
상품,B0000242,8801062004232 ,나뚜르파인트 녹차,나뚜르파인트 녹차,"9,000","9,000", - 
상품,B0000617,8801062451739 ,나뚜루녹차 큰컵,나뚜루녹차큰컵,"10,500","10,500", - 
상품,B0000618,8801062451210 ,나뚜루 스트로베리 큰컵,나뚜루컵 스트로베리 큰컵,"10,500","10,500", - 
상품,B0000619,8801062451197 ,나뚜루 바닐라클래식 큰컵,나뚜루컵 바닐라클래식,"10,500","10,500", - 
상품,B0000454,8801062453917 ,조안나5리터딸기,조안나5리터딸기,"12,000","12,000", - 
