메뉴별 매출현황,,,,,,,,,,,,,,
,,,,,,,,,,,,,,
메뉴코드,바코드번호,메뉴명,분류명,거래건수,매출금액,할인금액,판매건수,실매출,부가세,순매출,객단가,판매수량,판매옵션수량,구성비(%)
B0000267,8801104306928 ,떡붕어싸만코,상품,380,749000,0,380,749000,68152,680848,1000,749,0,2.09%
B0000703,,마카롱,이용안내,212,746000,0,212,746000,67857,678143,2000,373,0,2.08%
B0000142,8801104163057 ,엑셀런트,상품,73,738500,0,73,738500,67129,671371,5956,124,0,2.06%
B0000047,8801062422517 ,월드콘,상품,271,510400,0,271,510400,46408,463992,800,638,0,1.43%
B0000004,8801104123174 ,메로나,상품,545,494400,0,545,494400,44929,449471,400,1236,0,1.38%
B0000491,8809713220024 ,누가바,상품,466,461600,0,466,461600,41951,419649,400,1154,0,1.29%
B0000057,8801118251306 ,빵빠레 바닐라,상품,331,464000,0,327,460800,41905,418895,800,576,0,1.29%
B0000437,8801104142373 ,투게더,상품,81,450000,0,81,450000,40908,409092,5488,82,0,1.26%
B0000202,8801062435197 ,찰떡아이스,상품,283,439000,0,283,439000,39925,399075,889,494,0,1.23%
B0000003,8801104123181 ,비비빅,상품,431,435200,0,431,435200,39540,395660,400,1088,0,1.22%
B0000056,8801118251313 ,빵빠레초코,상품,345,421600,0,345,421600,38355,383245,800,527,0,1.18%
B0000271,8801104307048 ,부드러운빵또와,상품,241,369000,0,241,369000,33577,335423,1000,369,0,1.03%
B0000093,8801118250996 ,빠삐코 초코,상품,364,367000,0,364,367000,33312,333688,500,734,0,1.03%
B0000451,8801062623488 ,더블비얀코,상품,264,361000,0,264,361000,32828,328172,843,428,0,1.01%
B0000088,8801062417254 ,셀렉션,상품,61,352000,0,61,352000,32004,319996,5500,64,0,0.98%
B0000039,8801062435692 ,본가찰옥수수,상품,221,341000,0,221,341000,31015,309985,909,375,0,0.95%
B0000062,8801062002504 ,롯데일품팥빙수,상품,120,336000,0,120,336000,30540,305460,1500,224,0,0.94%
B0000122,8801062453672 ,티코,상품,56,330000,0,56,330000,30001,299999,5500,60,0,0.92%
B0000018,8801062417414 ,옥동자,상품,413,286400,0,413,286400,26006,260394,400,716,0,0.80%
B0000052,8801118251221 ,구구콘,상품,225,276000,0,225,276000,25096,250904,800,345,0,0.77%
B0000017,8801062417452 ,와일드바디,상품,387,275600,0,387,275600,25025,250575,400,689,0,0.77%
B0000045,8801062422531 ,와쿠와크,상품,201,270800,0,201,270800,24632,246168,921,294,0,0.76%
B0000114,8801062435951 ,와,상품,160,269000,0,160,269000,24478,244522,888,303,0,0.75%
B0000023,8801118249846 ,돼지바,상품,375,268400,0,375,268400,24394,244006,400,671,0,0.75%
B0000022,8801062417018 ,스크류바,상품,330,266400,0,330,266400,24199,242201,400,666,0,0.74%
B0000533,8809713220017 ,부라보콘 바닐라,상품,199,265600,0,199,265600,24156,241444,800,332,0,0.74%
B0000528,8801062884711 ,위즐 칙촉,상품,57,265500,0,57,265500,24135,241365,4500,59,0,0.74%
B0000335,8809713220116 ,팽이팽이,상품,39,260500,0,39,260500,23681,236819,5316,49,0,0.73%
B0000434,8801104301169 ,엔쵸초코,상품,270,252600,0,270,252600,23035,229565,600,421,0,0.71%
B0000113,8801062475780 ,미니멜츠 구슬 초코바닐라,상품,102,248000,0,102,248000,22560,225440,2000,124,0,0.69%
B0000016,8801062417056 ,죠스바,상품,344,238800,0,344,238800,21693,217107,400,597,0,0.67%
B0000473,8801104666404 ,붕어싸만코 초코,상품,183,238000,0,183,238000,21654,216346,1000,238,0,0.67%
B0000020,8801062417438 ,메가톤바,상품,275,232000,0,275,232000,21070,210930,400,580,0,0.65%
B0000572,8809713220093 ,2500 아이스가이피치OP093628,상품,125,230800,0,125,230800,20960,209840,1499,154,0,0.65%
B0000094,8801104111355 ,뽕따소다,상품,259,228500,0,259,228500,20726,207774,500,457,0,0.64%
B0000269,8801118255014 ,구구바,상품,211,226200,0,211,226200,20617,205583,600,377,0,0.63%
B0000011,8801104123198 ,쿠앤크바,상품,315,225200,0,315,225200,20457,204743,400,563,0,0.63%
B0000472,8809713220031 ,쌍쌍바,상품,292,222000,0,292,222000,20144,201856,400,555,0,0.62%
B0000132,8801062417117 ,수박바,상품,304,218800,0,304,218800,19876,198924,400,547,0,0.61%
B0000455,8801062889747 ,월드콘초코,상품,168,214400,0,168,214400,19504,194896,800,268,0,0.60%
B0000301,8801118255083 ,구구크러스터홈 벨기에초코,상품,44,211500,0,44,211500,19228,192272,4500,47,0,0.59%
B0000090,8801104111553 ,더위사냥,상품,230,211000,0,230,211000,19145,191855,500,422,0,0.59%
B0000896,8801062877263 ,셀렉션  더 싱글초코,상품,33,203500,0,33,203500,18501,184999,5500,37,0,0.57%
B0000529,8809713220055 ,바밤바골드,상품,205,202000,0,205,202000,18367,183633,400,505,0,0.56%
B0000365,8801104663922 ,요맘때 그릭콘플레인,상품,140,196000,0,140,196000,17831,178169,800,245,0,0.55%
B0000478,8801118256080 ,빵빠레샌드,상품,129,185000,0,129,185000,16838,168162,1000,185,0,0.52%
B0000012,8801104123310 ,캔디바,상품,259,179600,0,259,179600,16323,163277,400,449,0,0.50%
B0000419,8801104664158 ,더프라임흑임자비비빅,상품,162,174000,0,162,174000,15858,158142,600,290,0,0.49%
B0000424,8801104664660 ,투게더미니어처,상품,61,172000,0,61,172000,15646,156354,2000,86,0,0.48%
B0000111,8801062436439 ,미니멜츠 빅 포도소다,상품,74,166000,0,74,166000,15100,150900,2000,83,0,0.46%
B0000523,8801062884889 ,더블비얀코 초코,상품,158,165800,0,158,165800,15097,150703,833,199,0,0.46%
B0000112,8801062436453 ,미니멜츠 빅 초코볼,상품,70,162000,0,70,162000,14743,147257,2000,81,0,0.45%
B0000213,8801062436064 ,잇츠와플바닐라,상품,113,161800,0,113,161800,14722,147078,914,177,0,0.45%
B0000469,8801118256097 ,돼지바블랙,상품,254,160800,0,254,160800,14596,146204,400,402,0,0.45%
B0000368,8801118255229 ,별난바,상품,219,159200,0,219,159200,14463,144737,400,398,0,0.44%
B0000276,8801104307154 ,비비빅 더 프라임 인절미,상품,157,159000,0,157,159000,14497,144503,600,265,0,0.44%
B0000075,8801206680100 ,서주왕포도알,상품,175,156500,0,175,156500,14211,142289,500,313,0,0.44%
B0000516,8801062899302 ,옥동자모나카,상품,125,156400,0,125,156400,14236,142164,931,168,0,0.44%
B0000225,8801104305136 ,붕어싸만코 녹차,상품,102,156000,0,102,156000,14202,141798,1000,156,0,0.44%
B0000042,8801062442898 ,설레임 밀크,상품,120,153600,0,120,153600,13966,139634,800,192,0,0.43%
B0000343,8801104307888 ,투게더 프로즌요거트,상품,33,153000,0,33,153000,13910,139090,4500,34,0,0.43%
B0000091,8801118250590 ,거북알,상품,160,151700,0,160,151700,13784,137916,525,289,0,0.42%
B0000013,8801104123204 ,요맘때 딸기,상품,225,150800,0,225,150800,13690,137110,400,377,0,0.42%
B0000032,8801118253386 ,인절미바,상품,227,148800,0,227,148800,13498,135302,400,372,0,0.42%
B0000259,8801104163125 ,투게더 쿠앤크,상품,33,148500,0,33,148500,13501,134999,4500,33,0,0.42%
B0000285,8801104306232 ,비빙수,상품,67,148500,0,67,148500,13500,135000,1500,99,0,0.42%
B0000021,8801062416950 ,빙빙바,상품,202,147600,0,202,147600,13407,134193,400,369,0,0.41%
B0000705,8801062880454 ,가나 아이스바,상품,152,147600,0,152,147600,13460,134140,600,246,0,0.41%
B0000283,8801104304351 ,슈퍼콘 초코,상품,120,147200,0,120,147200,13389,133811,800,184,0,0.41%
B0000063,8801118251276 ,팥빙수파티,상품,62,144000,0,62,144000,13092,130908,1500,96,0,0.40%
B0000127,8801062475797 ,미니멜츠 캔디,상품,60,144000,0,60,144000,13100,130900,2000,72,0,0.40%
B0000476,8801062887163 ,쌀로달,상품,95,142600,0,95,142600,12968,129632,903,158,0,0.40%
B0000008,8801104123297 ,생귤탱귤,상품,197,142400,0,197,142400,12949,129451,400,356,0,0.40%
B0000660,8809592640371 ,아이스쿨 포도,상품,78,142300,0,78,142300,12935,129365,1498,95,0,0.40%
B0000597,8801118249938 ,아맛나,상품,179,142000,0,179,142000,12914,129086,400,355,0,0.40%
B0000530,8809713220079 ,호두마루바,상품,180,141600,0,180,141600,12868,128732,400,354,0,0.40%
B0000128,8801062475810 ,미니멜츠 레인보우,상품,60,140000,0,60,140000,12740,127260,2000,70,0,0.39%
B0000034,8801118251269 ,국화빵,상품,95,137000,0,95,137000,12468,124532,1000,137,0,0.38%
B0000338,8801118255076 ,구구벨기에초코 5입,상품,25,137000,0,25,137000,12452,124548,5269,26,0,0.38%
B0000698,8801118256271 ,희한한 군고구마,상품,83,137000,0,83,137000,12464,124536,1000,137,0,0.38%
B0000070,8801206730201 ,서주아이스주,상품,189,136400,0,189,136400,12397,124003,400,341,0,0.38%
B0000038,8801118251405 ,쿠키오,상품,89,136000,0,89,136000,12370,123630,1000,136,0,0.38%
B0000492,8809713220307 ,녹차마루바,상품,172,132000,0,172,132000,11987,120013,400,330,0,0.37%
B0000494,8801062884025 ,죠스크류수박바,상품,170,126400,0,170,126400,11474,114926,400,316,0,0.35%
B0000367,8801104663311 ,카페오레 파르페,상품,72,126000,0,72,126000,11441,114559,1500,84,0,0.35%
B0000027,8801118250910 ,초코퍼지,상품,170,123200,0,170,123200,11187,112013,400,308,0,0.34%
B0000025,8801118249921 ,보석바,상품,187,122400,0,187,122400,11124,111276,400,306,0,0.34%
B0000015,8801104123167 ,까페오레,상품,164,119200,0,164,119200,10821,108379,400,298,0,0.33%
B0000671,8938506170489 ,오트밀미니바이트250g,젤리,32,119000,0,32,119000,10814,108186,3500,34,0,0.33%
B0000126,8801104123839 ,요맘때 플레인바,상품,170,117600,0,170,117600,10676,106924,400,294,0,0.33%
B0000135,8801062013951 ,본젤라또 녹차초코,상품,124,117600,0,124,117600,10719,106881,600,196,0,0.33%
B0000869,8801104669962 ,쿠앤크 파르페,상품,53,115500,0,53,115500,10490,105010,1500,77,0,0.32%
B0000171,8801118254048 ,돼지콘,상품,104,115200,0,102,112000,10191,101809,800,140,0,0.31%
B0000137,8801062412020 ,옥동자딸기,상품,177,110800,0,177,110800,10066,100734,400,277,0,0.31%
B0000531,8809713220314 ,체리마루바,상품,163,110000,0,163,110000,9982,100018,400,275,0,0.31%
B0000372,8801062894192 ,비얀코말랑카우,상품,99,108800,0,99,108800,9904,98896,857,127,0,0.30%
B0000532,8809713220048 ,폴라포 포도,상품,121,108500,0,121,108500,9851,98649,500,217,0,0.30%
B0000535,8809713220109 ,꿀호떡시모나,상품,78,110000,0,76,108000,9828,98172,1000,108,0,0.30%
B0000704,,지구젤리,젤리,77,107000,0,77,107000,9744,97256,1000,107,0,0.30%
B0000498,8801104666855 ,라이언바 자두맛,상품,174,105600,0,174,105600,9581,96019,400,264,0,0.30%
B0000315,8801118255250 ,델몬트망고바,상품,137,105200,0,137,105200,9562,95638,400,263,0,0.29%
B0000575,8809713220086 ,1000 탱크보이OP084039,상품,127,105000,0,127,105000,9534,95466,500,210,0,0.29%
B0000463,8801206002032 ,초코쿠키바,상품,177,103600,0,177,103600,9387,94213,400,259,0,0.29%
B0000460,8801062893782 ,조안나 호두리치,상품,22,103500,0,22,103500,9407,94093,4500,23,0,0.29%
B0000588,8809713220727 ,800 모히또바080656,상품,122,102800,0,122,102800,9342,93458,400,257,0,0.29%
B0000599,8801118256158 ,샤인머스켓,상품,171,102800,0,171,102800,9330,93470,400,257,0,0.29%
B0000179,8801104123389 ,요맘때 복숭아,상품,163,102400,0,163,102400,9291,93109,400,256,0,0.29%
B0000019,8801062417339 ,순수밀크,상품,152,102000,0,152,102000,9262,92738,400,255,0,0.29%
B0000433,8801206670194 ,더블더블,상품,117,101000,0,117,101000,9170,91830,500,202,0,0.28%
B0000071,8801206730195 ,찰옥수수바,상품,145,100400,0,145,100400,9133,91267,400,251,0,0.28%
B0000278,8801104123808 ,메로나망고,상품,136,100400,0,136,100400,9115,91285,400,251,0,0.28%
B0000661,8801062881376 ,스크류주물러,상품,96,100200,0,96,100200,9132,91068,600,167,0,0.28%
B0000943,8801062876150 ,더블비얀코  베리&베리,상품,66,100000,0,66,100000,9098,90902,1000,100,0,0.28%
B0000037,8801206000045 ,빵뚜루,상품,67,99000,0,67,99000,9009,89991,1000,99,0,0.28%
B0000352,8801206001516 ,민트리치바,상품,163,98400,0,163,98400,8941,89459,400,246,0,0.27%
B0000031,8801118251900 ,테트리스,상품,142,98000,0,142,98000,8899,89101,400,245,0,0.27%
B0000812,8801062878406 ,월드콘 쿠키앤크림,상품,83,97600,0,83,97600,8878,88722,800,122,0,0.27%
B0000602,8801062413799 ,나뚜루 딸기,상품,15,96000,0,15,96000,8729,87271,4000,24,0,0.27%
B0000510,8801062417155 ,누크바,상품,137,94400,0,137,94400,8576,85824,400,236,0,0.26%
B0000118,8801104305037 ,빵또아 레드벨벳,상품,69,94000,0,69,94000,8554,85446,1000,94,0,0.26%
B0000410,8809592640166 ,서주 휴빙수,상품,48,93000,0,48,93000,8446,84554,1500,62,0,0.26%
B0000899,8801062874712 ,고드름 레몬라임,상품,51,91500,0,51,91500,8324,83176,1500,61,0,0.26%
B0000495,8801104666060 ,엔초민트초코,상품,108,89400,0,108,89400,8157,81243,600,149,0,0.25%
B0000534,8809713220444 ,찰떡시모나,상품,63,91000,0,61,89000,8098,80902,1000,89,0,0.25%
B0000026,8801062417599 ,앙꼬바,상품,107,87600,0,107,87600,7955,79645,400,219,0,0.24%
B0000290,8801104307444 ,메로나튜브,상품,117,87500,0,117,87500,7934,79566,500,175,0,0.24%
B0000574,8809713220598 ,1000 폴라포 피치 084035,상품,109,86500,0,109,86500,7854,78646,500,173,0,0.24%
B0000628,8801118256233 ,마다가스카르 구구콘,상품,87,85600,0,87,85600,7792,77808,800,107,0,0.24%
B0000617,8801062451739 ,나뚜루녹차큰컵,상품,8,84000,0,8,84000,7639,76361,10500,8,0,0.23%
B0000170,8801104123679 ,메로나바나나,상품,119,81200,0,119,81200,7373,73827,400,203,0,0.23%
B0000587,8809713220710 ,800 쌍쌍바 포도 083058,상품,103,80800,0,103,80800,7330,73470,400,202,0,0.23%
B0000273,8801206001196 ,서주초코리치바,상품,118,80400,0,118,80400,7289,73111,400,201,0,0.22%
B0000499,8801104666770 ,무지바 청포도맛,상품,123,79600,0,123,79600,7225,72375,400,199,0,0.22%
B0000750,8809440480340 ,밭두렁 45g,젤리,99,79000,0,99,79000,7167,71833,500,158,0,0.22%
B0000756,8807001090519 ,미니 왕다리,젤리,81,77600,0,81,77600,7054,70546,400,194,0,0.22%
B0000508,8801104665896 ,요맘때 그릭콘 믹스베리24,상품,60,76000,0,60,76000,6908,69092,800,95,0,0.21%
B0000677,4001686375754 ,하리보푸르티부시 100g,젤리,52,75900,0,52,75900,6901,68999,1332,57,0,0.21%
B0000918,8801118256592 ,빵빠레 딸기,상품,69,75200,0,69,75200,6846,68354,800,94,0,0.21%
B0000754,8809036521228 ,꾀돌이,젤리,101,75000,0,101,75000,6803,68197,500,150,0,0.21%
B0000080,8801206000458 ,서주요쿠르트 쭈쭈바,상품,100,74000,0,100,74000,6708,67292,500,148,0,0.21%
B0000813,8801118256301 ,빵빠레 초코,상품,55,74000,0,55,74000,6733,67267,1000,74,0,0.21%
B0000619,8801062451197 ,나뚜루컵 바닐라클래식,상품,7,73500,0,7,73500,6684,66816,10500,7,0,0.21%
B0000807,8802234111185 ,난나나콘,젤리,63,73500,0,63,73500,6694,66806,700,105,0,0.21%
B0000591,8809713220758 ,800 부라보바 초코청크마일드 083053,상품,102,73200,0,102,73200,6657,66543,400,183,0,0.20%
B0000854,8801062876600 ,옥동자 가나초콜릿,상품,88,73200,0,88,73200,6678,66522,600,122,0,0.20%
B0000578,8809713220628 ,1000 탱크보이 모히또084043,상품,85,73000,0,85,73000,6623,66377,500,146,0,0.20%
B0000584,8809713220680 ,1200 누가바 마스카포네딸기093630,상품,81,72000,0,81,72000,6571,65429,600,120,0,0.20%
B0000833,8801104669504 ,떡또아 티라미수,상품,55,72000,0,55,72000,6550,65450,1000,72,0,0.20%
B0000598,8801104666879 ,피치 카카오,상품,122,69600,0,122,69600,6314,63286,400,174,0,0.19%
B0000513,8801062016815 ,인투더망고바,상품,75,69000,0,75,69000,6300,62700,600,115,0,0.19%
B0000945,8809713220123 ,누가바,상품,62,68400,0,62,68400,6218,62182,400,171,0,0.19%
B0000601,8801062414437 ,나뚜루 녹차,상품,13,68000,0,13,68000,6184,61816,4000,17,0,0.19%
B0000700,8801062880461 ,인절미샌드,상품,55,68000,0,55,68000,6187,61813,1000,68,0,0.19%
B0000140,8801104300667 ,투게더 밀크초코,상품,14,67500,0,14,67500,6135,61365,4500,15,0,0.19%
B0000561,8809713220383 ,1500 부라보초코청크마일드OP082042,상품,69,66400,0,69,66400,6046,60354,800,83,0,0.19%
B0000910,8809713220338 ,부라보 화이트바닐라,상품,49,66400,0,49,66400,6036,60364,800,83,0,0.19%
B0000957,8801104123280 ,메로나,상품,88,66400,0,88,66400,6027,60373,400,166,0,0.19%
B0000559,8809713220369 ,부라보피스타치오OP082044,상품,59,65600,0,59,65600,5973,59627,800,82,0,0.18%
B0000328,8801062013975 ,본젤라또 딸기바,상품,69,65400,0,69,65400,5965,59435,600,109,0,0.18%
B0000466,8801206002018 ,군고구마바,상품,103,65200,0,103,65200,5917,59283,400,163,0,0.18%
B0000407,8801118255717 ,빠삐코바,상품,87,64800,0,87,64800,5885,58915,400,162,0,0.18%
B0000592,8809713220765 ,800 부라보바 피스타치오 084055,상품,108,64400,0,108,64400,5839,58561,400,161,0,0.18%
B0000679,4001686301555 ,하리보 골드베렌 100g,젤리,44,63200,0,44,63200,5740,57460,1317,48,0,0.18%
B0000461,8801062893799 ,조안나바닐라리치,상품,14,63000,0,14,63000,5728,57272,4500,14,0,0.18%
B0000536,8809713220062 ,호두마루홈,상품,14,63000,0,14,63000,5726,57274,4500,14,0,0.18%
B0000618,8801062451210 ,나뚜루컵 스트로베리 큰컵,상품,5,63000,0,5,63000,5728,57272,10500,6,0,0.18%
B0000103,8801062442553 ,주물러 콜라,상품,82,63500,0,80,62500,5665,56835,500,125,0,0.17%
B0000942,8801062874248 ,월드콘 까마로사 딸기,상품,44,62000,0,44,62000,5658,56342,1000,62,0,0.17%
B0000701,8801118256356 ,프라임,상품,11,60500,0,11,60500,5500,55000,5500,11,0,0.17%
B0000503,8809592640258 ,서주연유콘,상품,57,60000,0,57,60000,5460,54540,800,75,0,0.17%
B0000915,8801062874613 ,디저트 쿠앤크깜뜨세트,상품,46,59000,0,46,59000,5368,53632,1000,59,0,0.16%
B0000538,8809713220536 ,녹차마루홈,상품,13,58500,0,13,58500,5321,53179,4500,13,0,0.16%
B0000753,8809098725053 ,네모스낵 불고기맛,젤리,116,58200,0,116,58200,5292,52908,300,194,0,0.16%
B0000500,8801206002070 ,리치망고스틴바,상품,101,58000,0,101,58000,5270,52730,400,145,0,0.16%
B0000771,8804782006494 ,감자알칩,젤리,82,58000,0,82,58000,5262,52738,500,116,0,0.16%
B0000898,8801062016655 ,스크류바 피치,상품,100,57600,0,100,57600,5229,52371,400,144,0,0.16%
B0000702,8801118256325 ,빠삐코 달고나,상품,70,57000,0,70,57000,5167,51833,500,114,0,0.16%
B0000470,8801206001998 ,서주누릉지,상품,102,56800,0,102,56800,5149,51651,400,142,0,0.16%
B0000387,8801104664509 ,슈팅스타트리컬러,상품,52,56000,0,52,56000,5088,50912,800,70,0,0.16%
B0000468,8801206001974 ,타로밀크티바,상품,96,55600,0,96,55600,5048,50552,400,139,0,0.16%
B0000954,8801104671644 ,메로나 빙수,상품,31,55500,0,31,55500,5042,50458,1500,37,0,0.16%
B0000176,8801062453696 ,티코 다크초코,상품,9,54800,0,9,54800,4982,49818,5480,10,0,0.15%
B0000224,8801104142380 ,투게더 밀크딸기,상품,12,54000,0,12,54000,4910,49090,4500,12,0,0.15%
B0000870,8801104668873 ,흑임자 붕어싸만코,상품,40,53000,0,40,53000,4824,48176,1000,53,0,0.15%
B0000515,8801062014750 ,가나 초키초키,상품,59,52200,0,59,52200,4761,47439,600,87,0,0.15%
B0000742,6943545500014 ,아폴로,젤리,79,52000,0,79,52000,4709,47291,460,113,0,0.15%
B0000073,8801206000410 ,요쿠르트아이스바,상품,106,51600,0,106,51600,4673,46927,400,129,0,0.14%
B0000659,8801118251337 ,빠삐코소다,상품,70,51000,0,70,51000,4625,46375,500,102,0,0.14%
B0000716,8801062380213 ,꼬깔콘 군옥수수맛,롯데과자,30,51000,0,30,51000,4629,46371,1500,34,0,0.14%
B0000333,8801062013203 ,미니멜츠 스크류,상품,22,50000,0,22,50000,4552,45448,2000,25,0,0.14%
B0000590,8809713220741 ,800 부라보바 화이트바닐라 083050,상품,70,50000,0,70,50000,4537,45463,400,125,0,0.14%
B0000916,8801062874484 ,죠스바 멜론,상품,84,50000,0,84,50000,4541,45459,400,125,0,0.14%
B0000083,8801062453337 ,위즐 커피&초코퍼지,상품,11,49500,0,11,49500,4499,45001,4500,11,0,0.14%
B0000084,8801062453313 ,위즐바닐라,상품,10,49500,0,10,49500,4499,45001,4500,11,0,0.14%
B0000608,8801062883059 ,모구모구 파인아이스,상품,41,48600,0,41,48600,4426,44174,600,81,0,0.14%
B0000766,8437000482055 ,트롤리 피치링 100g,젤리,27,48600,0,27,48600,4417,44183,1568,31,0,0.14%
B0000471,8801073558618 ,깐도리,상품,42,48400,0,42,48400,4404,43996,400,121,0,0.14%
B0000525,8801062883806 ,카페프레소,상품,26,48000,0,26,48000,4367,43633,1500,32,0,0.13%
B0000718,8801062012725 ,빼빼로 아몬드,롯데과자,28,48000,0,28,48000,4358,43642,1500,32,0,0.13%
B0000848,7933624 ,네슬레 너즈,젤리,19,48000,0,19,48000,4367,43633,2000,24,0,0.13%
B0000883,8809714120699 ,틱톡젤리 포도,젤리,13,48000,0,13,48000,4363,43637,3000,16,0,0.13%
B0000868,8801062876587 ,바나나우유바,상품,65,46800,0,65,46800,4254,42546,400,117,0,0.13%
B0000662,4000512992509 ,트롤리지구젤리,젤리,36,47800,0,34,46200,4197,42003,811,57,0,0.13%
B0000795,8801062879960 ,찰떡아이스 씨앗호떡맛,상품,32,46000,0,32,46000,4183,41817,1000,46,0,0.13%
B0000537,8809713220529 ,체리마루홈,상품,10,45000,0,10,45000,4091,40909,4500,10,0,0.13%
B0000706,8801062009572 ,마가렛뜨,롯데과자,14,45000,0,14,45000,4094,40906,3000,15,0,0.13%
B0000717,8801062380114 ,꼬깔콘 고소한맛,롯데과자,29,45000,0,29,45000,4086,40914,1500,30,0,0.13%
B0000764,8806129204730 ,오장군,젤리,27,45000,0,27,45000,4084,40916,1500,30,0,0.13%
B0000840,8809714120712 ,틱톡젤리 딸기,젤리,13,45000,0,13,45000,4094,40906,3000,15,0,0.13%
B0000334,8801062013210 ,미니멜츠 수박,상품,17,44000,0,17,44000,4002,39998,2000,22,0,0.12%
B0000408,8801104664363 ,더위사냥 레몬에이드,상품,56,44000,0,56,44000,3983,40017,500,88,0,0.12%
B0000711,8801062521449 ,롯데샌드 파인애플,롯데과자,28,43500,0,28,43500,3948,39552,1500,29,0,0.12%
B0000589,8809713220734 , 백도바,상품,79,43200,0,79,43200,3918,39282,400,108,0,0.12%
B0000793,4000512776635 ,트롤리 스파게티 딸기 100g,젤리,21,43200,0,21,43200,3934,39266,1800,24,0,0.12%
B0000839,8997004301429 ,오이시 스펀지 크런치,젤리,16,42500,0,16,42500,3859,38641,2500,17,0,0.12%
B0000014,8801118251573 ,와삭바,상품,54,42400,0,54,42400,3850,38550,400,106,0,0.12%
B0000673,5012035901738 ,하리보스타젤리,젤리,30,42300,0,30,42300,3846,38454,1244,34,0,0.12%
B0000788,8809263981154 ,미왕 쌀과자,젤리,12,42000,0,12,42000,3822,38178,3500,12,0,0.12%
B0000821,8803622001071 ,오징어 숏다리,젤리,18,42000,0,18,42000,3823,38177,2000,21,0,0.12%
B0000488,8801062885268 ,돌아온 엄마의실수,상품,44,41400,0,44,41400,3772,37628,600,69,0,0.12%
B0000715,8801062289936 ,치토스 스모키바베큐맛,롯데과자,26,40500,0,26,40500,3680,36820,1500,27,0,0.11%
B0000811,8801104666718 ,투게더 프럴린&아몬드,상품,9,40500,0,9,40500,3681,36819,4500,9,0,0.11%
B0000709,8801062521876 ,빠다코코낫,롯데과자,24,39000,0,24,39000,3541,35459,1500,26,0,0.11%
B0000755,4003840008591 ,히츨러 우주캔디,젤리,14,39000,0,14,39000,3543,35457,2600,15,0,0.11%
B0000895,8801062876051 ,찰떡아이스 치즈떡볶이,상품,34,39000,0,34,39000,3548,35452,1000,39,0,0.11%
B0000746,8994405103041 ,차카니 36g,젤리,77,38500,0,77,38500,3487,35013,433,89,0,0.11%
B0000429,8801062890958 ,모구모구 피치아이스,상품,30,38400,0,30,38400,3497,34903,600,64,0,0.11%
B0000558,8809713220321 ,폭신폭신솜사탕바083074,상품,76,38000,0,76,38000,3450,34550,400,95,0,0.11%
B0000776,8802896000650 ,월드컵 어포,젤리,30,38000,0,30,38000,3459,34541,1000,38,0,0.11%
B0000842,5000159020312 ,몰티져스 37g,젤리,19,37500,0,19,37500,3406,34094,1500,25,0,0.10%
B0000864,8801062381814 ,도리토스 나쵸치즈맛,롯데과자,25,37500,0,25,37500,3400,34100,1500,25,0,0.10%
B0000749,8801906167017 ,트위스트 55g,젤리,72,37200,0,72,37200,3371,33829,433,86,0,0.10%
B0000768,4807770190162 ,키드오 버터맛,젤리,24,37200,0,24,37200,3379,33821,1200,31,0,0.10%
B0000609,8809713220901 ,폴라포커피,상품,32,37000,0,32,37000,3362,33638,500,74,0,0.10%
B0000438,8801062890507 ,월드콘 아몬드브리톨,상품,32,36800,0,32,36800,3349,33451,800,46,0,0.10%
B0000092,8801118253850 ,빠삐코 밀크,상품,34,36500,0,34,36500,3314,33186,500,73,0,0.10%
B0000720,8801062012756 ,빼빼로 누드초코,롯데과자,22,36000,0,22,36000,3266,32734,1500,24,0,0.10%
B0000774,8801062883189 ,설레임 레모네이드,상품,31,36000,0,31,36000,3275,32725,800,45,0,0.10%
B0000852,4895138305105 ,스트라이킹 팝핑캔디 콜라맛,젤리,20,36000,0,20,36000,3269,32731,1500,24,0,0.10%
B0000834,8801206002285 ,임실치즈 케이크바,상품,51,35600,0,51,35600,3226,32374,400,89,0,0.10%
B0000772,8850157401050 ,벤토 스위트 앤 스파이시 12g,젤리,31,35400,0,31,35400,3223,32177,932,38,0,0.10%
B0000721,8801062518210 ,칸쵸,롯데과자,34,35000,0,34,35000,3187,31813,1000,35,0,0.10%
B0000573,8809713220581 ,1000 폴라포 스포츠084033,상품,42,34500,0,42,34500,3129,31371,500,69,0,0.10%
B0000800,8850813311044 ,킹아일랜드 코코넛칩,젤리,19,34500,0,19,34500,3135,31365,1500,23,0,0.10%
B0000552,8809713220161 ,800 바밤바 흑당버블티바083093,상품,68,34400,0,68,34400,3115,31285,400,86,0,0.10%
B0000526,8801062475803 ,슬로우멜츠 후레쉬딸기,상품,15,34000,0,15,34000,3091,30909,2000,17,0,0.10%
B0000320,8801104307789 ,뽕따 레드피치,상품,47,33500,0,47,33500,3035,30465,500,67,0,0.09%
B0000802,7502230948433 ,빅빅 초코바,젤리,29,33000,0,29,33000,3006,29994,1000,33,0,0.09%
B0000873,8801117694807 ,꼬북칩 초코츄러스맛 ,젤리,9,33000,0,9,33000,3000,30000,3000,11,0,0.09%
B0000912,8801062875207 ,조안나 쿠앤크깜뜨,상품,6,33000,0,6,33000,3000,30000,5500,6,0,0.09%
B0000939,8809713220390 ,탱크보이,상품,43,33000,0,43,33000,2991,30009,500,66,0,0.09%
B0000920,8801104670067 ,슈퍼콘 쿠앤크,상품,30,32800,0,30,32800,2983,29817,800,41,0,0.09%
B0000752,8809098725060 ,네모스낵 매콤한맛,젤리,62,32400,0,62,32400,2955,29445,300,108,0,0.09%
B0000446,8801062442911 ,설레임커피,상품,29,32000,0,29,32000,2913,29087,800,40,0,0.09%
B0000604,8801062412730 ,나뚜루 바닐라,상품,8,32000,0,8,32000,2912,29088,4000,8,0,0.09%
B0000902,4100250052401 ,히츨러 수수깡 젤리 40g,젤리,14,32000,0,14,32000,2912,29088,2000,16,0,0.09%
B0000748,8801073310704 ,별뽀빠이 72g,젤리,40,31700,0,40,31700,2891,28809,647,49,0,0.09%
B0000693,4000512998082 ,트롤리 미니버거,젤리,15,31600,0,15,31600,2874,28726,1975,16,0,0.09%
B0000708,8801062896806 ,하비스트 달콤고소,롯데과자,21,31500,0,21,31500,2861,28639,1500,21,0,0.09%
B0000831,8809263981147 ,미왕 쌀과자 270g,젤리,9,31500,0,9,31500,2862,28638,3500,9,0,0.09%
B0000909,8801118256608 ,구구콘 스트로베리,상품,32,31200,0,32,31200,2841,28359,800,39,0,0.09%
B0000914,8801062874637 ,빼빼로바 크런키,상품,37,31200,0,37,31200,2845,28355,600,52,0,0.09%
B0000947,8801118256783 ,초코퍼지 크런치바,상품,53,31200,0,53,31200,2829,28371,400,78,0,0.09%
B0000765,8802896004320 ,월드컵 맛기차콘,젤리,26,31000,0,26,31000,2823,28177,1000,31,0,0.09%
B0000714,8801062380015 ,치토스 매콤달콤한맛,롯데과자,19,30000,0,19,30000,2722,27278,1500,20,0,0.08%
B0000722,8801062009374 ,시리얼 초코,롯데과자,26,30000,0,26,30000,2732,27268,1000,30,0,0.08%
B0000723,8801062893546 ,ABC초코쿠키,롯데과자,28,30000,0,28,30000,2734,27266,1000,30,0,0.08%
B0000789,9556995140425 ,화이트캐슬 버터쿠키,젤리,19,30000,0,19,30000,2722,27278,1500,20,0,0.08%
B0000861,8801062222438 ,전화놀이,롯데과자,15,30000,0,15,30000,2727,27273,1500,20,0,0.08%
B0000913,8801062874262 ,와일드바디 쿠키앤크림,상품,40,30000,0,40,30000,2738,27262,600,50,0,0.08%
B0000938,4800100210394 ,요고아이스,젤리,19,30000,0,19,30000,2724,27276,1500,20,0,0.08%
B0000791,8801906162074 ,초코 팅촉,젤리,47,29500,0,47,29500,2673,26827,500,59,0,0.08%
B0000787,4800092660634 ,초코무초,젤리,52,29200,0,52,29200,2654,26546,400,73,0,0.08%
B0000125,8801062623556 ,말랑카우,상품,48,28800,0,48,28800,2620,26180,400,72,0,0.08%
B0000941,8801062006595 ,노란수박바,상품,48,28800,0,48,28800,2615,26185,400,72,0,0.08%
B0000930,4543112881205 ,초코비,젤리,9,28000,0,9,28000,2546,25454,2000,14,0,0.08%
B0000684,8801906167109 ,매운맛콘칩,젤리,36,27700,0,36,27700,2529,25171,589,47,0,0.08%
B0000389,8801062893195 ,인더피치바,상품,33,27600,0,33,27600,2520,25080,600,46,0,0.08%
B0000675,4003084319385 ,트롤리사우어글로우웜즈 100g,젤리,23,27600,0,23,27600,2509,25091,1200,23,0,0.08%
B0000758,8992760221028 ,오레오 바닐라 한줄,젤리,21,27600,0,21,27600,2508,25092,1200,23,0,0.08%
B0000759,8809247974400 ,도티 초코뽀잉,젤리,21,27600,0,21,27600,2512,25088,1200,23,0,0.08%
B0000672,4001686323366 ,하리보해피콜라100g,젤리,23,27500,0,23,27500,2498,25002,1100,25,0,0.08%
B0000751,8801073340077 ,별뽀빠이 4입,젤리,9,27400,0,9,27400,2487,24913,2491,11,0,0.08%
B0000798,8809271410127 ,포포,젤리,63,26700,0,63,26700,2429,24271,300,89,0,0.07%
B0000562,8809713220413 ,1500 부라보소프트콘082055,상품,22,26400,0,22,26400,2404,23996,800,33,0,0.07%
B0000959,8801118256851 ,떠먹는 돼지바 파르페,상품,10,26000,0,10,26000,2365,23635,2000,13,0,0.07%
B0000305,8801104307161 ,더위사냥 구슬아이스 블루스노우,상품,26,25600,0,26,25600,2329,23271,800,32,0,0.07%
B0000799,8809304881023 ,프레첼 체다치즈맛,젤리,15,25500,0,15,25500,2315,23185,1500,17,0,0.07%
B0000838,8809271410653 ,네모스낵 후라이드치킨맛,젤리,44,25500,0,44,25500,2315,23185,300,85,0,0.07%
B0000724,8801062013395 ,말랑카우 딸기우유캔디,롯데과자,7,25000,0,7,25000,2272,22728,2500,10,0,0.07%
B0000817,8809208062412 ,새콤짱 포도,젤리,39,25000,0,39,25000,2268,22732,500,50,0,0.07%
B0000797,8809394830185 ,도라에몽 츄러스,젤리,28,24500,0,28,24500,2235,22265,700,35,0,0.07%
B0000808,10700023858 ,허쉬 후퍼스,젤리,17,24300,0,17,24300,2210,22090,1157,21,0,0.07%
B0000306,8801104307178 ,더위사냥 구슬아이스 레인보우,상품,21,24000,0,21,24000,2182,21818,800,30,0,0.07%
B0000489,8801062885275 ,돌아온까마쿤,상품,28,24000,0,28,24000,2187,21813,600,40,0,0.07%
B0000685,79426368995 ,나초칩,젤리,16,24000,0,16,24000,2179,21821,1500,16,0,0.07%
B0000707,8801062009602 ,마가렛뜨 초코맘,롯데과자,8,24000,0,8,24000,2186,21814,3000,8,0,0.07%
B0000710,8801062521906 ,제크,롯데과자,16,24000,0,16,24000,2178,21822,1500,16,0,0.07%
B0000719,8801062012701 ,빼빼로,롯데과자,16,24000,0,16,24000,2177,21823,1500,16,0,0.07%
B0000739,8801062640829 ,빅 크런키,롯데과자,8,24000,0,8,24000,2182,21818,2400,10,0,0.07%
B0000769,8809260942240 ,미니프레첼 와사비,젤리,22,24000,0,22,24000,2184,21816,1000,24,0,0.07%
B0000790,8801019310720 ,홈런볼,젤리,16,24000,0,16,24000,2179,21821,1500,16,0,0.07%
B0000805,8992775315095 ,게리 치즈크래커,젤리,15,24000,0,15,24000,2180,21820,1500,16,0,0.07%
B0000814,8802896003064 ,호박쫀드기,젤리,19,24000,0,19,24000,2186,21814,1000,24,0,0.07%
B0000815,8801725000335 ,서주 미니웨하스 바닐라,젤리,19,24000,0,19,24000,2182,21818,1200,20,0,0.07%
B0000865,8801062381937 ,꼬깔콘 매콤달콤한맛,롯데과자,16,24000,0,16,24000,2181,21819,1500,16,0,0.07%
B0000879,8437000482017 ,트롤리 키스,젤리,12,24000,0,12,24000,2183,21817,2000,12,0,0.07%
B0000747,4800029902035 ,멜로 머쉬멜로우트위스트 135g,젤리,22,23500,0,22,23500,2138,21362,979,24,0,0.07%
B0000743,8681042330151 ,러쉬 코코아 크림 쿠키 68g,젤리,39,23400,0,39,23400,2118,21282,498,47,0,0.07%
B0000074,8801206740439 ,서주마카롱바,상품,47,23200,0,47,23200,2099,21101,400,58,0,0.06%
B0000780,8850291101557 ,통가든 와사비 완두콩,젤리,21,23200,0,21,23200,2114,21086,800,29,0,0.06%
B0000735,8801062636884 ,가나 밀크초콜릿,롯데과자,21,23000,0,21,23000,2093,20907,1000,23,0,0.06%
B0000736,8801062628476 ,크런키,롯데과자,14,23000,0,14,23000,2093,20907,1000,23,0,0.06%
B0000796,8801073310674 ,라면스낵 불닭,젤리,20,23000,0,20,23000,2091,20909,958,24,0,0.06%
B0000059,8801118251351 ,쿨샷,상품,11,22500,0,11,22500,2043,20457,1500,15,0,0.06%
B0000837,9555711900923 ,크리스피롤 12곡,젤리,9,22500,0,9,22500,2045,20455,2500,9,0,0.06%
B0000924,8809042194478 ,롱다리,젤리,4,22500,0,4,22500,2045,20455,4500,5,0,0.06%
B0000778,8809304881016 ,프레첼 갈릭버터맛,젤리,13,21900,0,13,21900,1989,19911,1369,16,0,0.06%
B0000775,8436556395932 ,트롤리 키스,젤리,12,21600,0,12,21600,1969,19631,1800,12,0,0.06%
B0000859,8801062009343 ,mini 초코칩쿠키,롯데과자,15,21600,0,15,21600,1962,19638,1200,18,0,0.06%
B0000901,8437000482093 ,트롤리 사우어 글로우웜즈 100g,젤리,12,21600,0,12,21600,1966,19634,1800,12,0,0.06%
B0000825,8801906163286 ,쌀떡볶이,젤리,36,21500,0,36,21500,1944,19556,500,43,0,0.06%
B0000697,8801206000397 ,파르페 쿠키&너츠카라멜,상품,10,21000,0,10,21000,1907,19093,1500,14,0,0.06%
B0000843,9002975319003 ,하리보 해피그레이프 100g,젤리,13,21000,0,13,21000,1904,19096,1500,14,0,0.06%
B0000872,8801117760106 ,포카칩 66g,젤리,13,21000,0,13,21000,1907,19093,1500,14,0,0.06%
B0000824,8809605750288 ,싱싱 피자타임,젤리,36,20800,0,36,20800,1886,18914,400,52,0,0.06%
B0000785,8809208062313 ,새콤짱 딸기,젤리,38,20500,0,38,20500,1851,18649,500,41,0,0.06%
B0000858,8801062009312 ,mini 야채크래커,롯데과자,14,20400,0,14,20400,1857,18543,1200,17,0,0.06%
B0000744,8990104119833 ,라면짱 30g,젤리,37,20000,0,37,20000,1813,18187,400,50,0,0.06%
B0000806,8801068374568 ,누네띠네,젤리,22,20000,0,22,20000,1824,18176,800,25,0,0.06%
B0000810,4902775018999 ,베이비스타,젤리,27,20000,0,27,20000,1808,18192,500,40,0,0.06%
B0000832,8801062877041 ,신묘한 찰옥수수 콘치즈,상품,18,20000,0,18,20000,1820,18180,1000,20,0,0.06%
B0000863,8801062879090 ,ABC초코쿠키 쿠키앤크림,롯데과자,19,20000,0,19,20000,1821,18179,1000,20,0,0.06%
B0000966,8801062874729 ,색고드름,상품,7,20000,0,7,20000,1819,18181,2000,10,0,0.06%
B0000917,8801206002612 ,홀리데이  코팅초코,상품,37,19600,0,37,19600,1783,17817,400,49,0,0.05%
B0000741,8809605750318 ,추억의 논두렁 45g,젤리,27,19500,0,27,19500,1770,17730,500,39,0,0.05%
B0000284,8801104304375 ,슈퍼콘 바닐라,상품,22,19200,0,22,19200,1750,17450,800,24,0,0.05%
B0000782,8802896004207 ,꾸이킹,젤리,16,19200,0,16,19200,1744,17456,1200,16,0,0.05%
B0000820,9556437006487 ,오키오 망고구미,젤리,13,19200,0,13,19200,1745,17455,1200,16,0,0.05%
B0000763,8803622101269 ,꽃보다오징어,젤리,8,18900,0,8,18900,1720,17180,2100,9,0,0.05%
B0000822,8809605750042 ,싱싱 자야,젤리,27,18500,0,27,18500,1679,16821,500,37,0,0.05%
B0000520,8801062892518 ,설레임 카카오쉐이크,상품,20,18400,0,20,18400,1674,16726,800,23,0,0.05%
B0000823,8801906166416 ,맛새우칩,젤리,22,18200,0,22,18200,1661,16539,700,26,0,0.05%
B0000849,8809146201362 ,뽀로로 요술반지캔디,젤리,21,18200,0,21,18200,1657,16543,700,26,0,0.05%
B0000497,8801062885008 ,가나파르페,상품,11,18000,0,11,18000,1632,16368,1500,12,0,0.05%
B0000583,8809713220673 ,1000 토마토마시판084053,상품,19,18000,0,19,18000,1632,16368,500,36,0,0.05%
B0000712,8801062521487 ,롯데샌드 화이트크림깜뜨,롯데과자,10,18000,0,10,18000,1641,16359,1500,12,0,0.05%
B0000740,8801062631094 ,빅 가나 마일드,롯데과자,6,18000,0,6,18000,1638,16362,3000,6,0,0.05%
B0000760,8437000482420 ,트롤리 바나나,젤리,12,18000,0,12,18000,1633,16367,1500,12,0,0.05%
B0000803,4712277822723 ,와퍼스틱 초코,젤리,12,18000,0,12,18000,1636,16364,1500,12,0,0.05%
B0000804,8809027555287 ,크리미 카라멜팝콘,젤리,12,18000,0,12,18000,1637,16363,1500,12,0,0.05%
B0000809,8809442490026 ,촉촉한 고구마,젤리,15,18000,0,15,18000,1635,16365,1200,15,0,0.05%
B0000830,8809214408716 ,미니벨,젤리,26,18000,0,26,18000,1644,16356,600,30,0,0.05%
B0000882,4001686381328 ,하리보 그레이프프루트,젤리,12,18000,0,12,18000,1640,16360,1500,12,0,0.05%
B0000888,8801725000540 ,서주 허쉬 민트웨하스,젤리,10,18000,0,10,18000,1640,16360,1800,10,0,0.05%
B0000891,4895138305204 ,팝핑캔디 복숭아맛,젤리,12,18000,0,12,18000,1633,16367,1500,12,0,0.05%
B0000907,4001686340264 ,하리보 스위트 사우어 베어스,젤리,6,18000,0,6,18000,1638,16362,3000,6,0,0.05%
B0000911,8801118256585 ,빠삐코 딸기,상품,22,17500,0,22,17500,1587,15913,500,35,0,0.05%
B0000728,8801062898862 ,젤리셔스 구미당기는구미,롯데과자,15,17000,0,15,17000,1547,15453,1000,17,0,0.05%
B0000935,8805856103866 ,참깨스틱,젤리,8,17000,0,8,17000,1549,15451,1700,10,0,0.05%
B0000786,8809009520241 ,소라형스낵,젤리,14,16800,0,14,16800,1528,15272,1200,14,0,0.05%
B0000866,8801062634415 ,빈츠,롯데과자,7,16800,0,7,16800,1527,15273,2400,7,0,0.05%
B0000875,8801133003096 ,머거본 허니버터아몬드,젤리,13,16800,0,13,16800,1529,15271,1200,14,0,0.05%
B0000579,8809713220635 , 젤루조아 청포도,상품,23,16500,0,23,16500,1500,15000,500,33,0,0.05%
B0000689,6925425473281 ,트롤리  피자젤리,젤리,26,16500,0,26,16500,1497,15003,500,33,0,0.05%
B0000713,8801062880904 ,치토스 후라이드&양념치킨맛,롯데과자,10,16500,0,10,16500,1503,14997,1500,11,0,0.05%
B0000767,8436036182861 ,트롤리 샤크 100g,젤리,11,16500,0,11,16500,1497,15003,1500,11,0,0.05%
B0000777,8805766600011 ,고추 양념포,젤리,21,16500,0,21,16500,1497,15003,500,33,0,0.05%
B0000862,8801062879809 ,크런키 카스볼,롯데과자,9,16500,0,9,16500,1499,15001,1500,11,0,0.05%
B0000880,7622300761349 ,미니오레오 바닐라,젤리,9,16500,0,9,16500,1499,15001,1500,11,0,0.05%
B0000881,8809027555270 ,커널스 슈퍼믹스 팝콘,젤리,10,16500,0,10,16500,1498,15002,1500,11,0,0.05%
B0000905,6936756226118 ,4D 블록젤리 64g,젤리,10,16500,0,10,16500,1497,15003,1500,11,0,0.05%
B0000946,8801206002544 ,왕모히또,상품,25,16500,0,25,16500,1493,15007,500,33,0,0.05%
B0000783,8801906165082 ,짱이야,젤리,17,16200,0,17,16200,1480,14720,900,18,0,0.05%
B0000841,8436556394850 ,트롤리 타란튤라구미 100g,젤리,9,16200,0,9,16200,1476,14724,1800,9,0,0.05%
B0000729,8801062007950 ,젤리셔스 청포도젤리,롯데과자,10,16000,0,10,16000,1455,14545,1000,16,0,0.04%
B0000784,8803718102668 ,초코칩쿠키 80g,젤리,14,16000,0,14,16000,1456,14544,1000,16,0,0.04%
B0000860,8801062334971 ,조약돌캔디,롯데과자,14,16000,0,14,16000,1458,14542,1000,16,0,0.04%
B0000874,8809554540138 ,두툼 조미오징어,젤리,4,16000,0,4,16000,1456,14544,4000,4,0,0.04%
B0000897,8801104668897 ,쿠앤크 피스타치오바,상품,25,16000,0,25,16000,1454,14546,400,40,0,0.04%
B0000960,8801104671453 ,빵또아 슈팅스타,상품,12,16000,0,12,16000,1456,14544,1000,16,0,0.04%
B0000733,8801062006212 ,가나 에어라이트 밀크헤이즐넛,롯데과자,9,15600,0,9,15600,1422,14178,1200,13,0,0.04%
B0000887,8809256672489 ,짱구 라즈&블랙베리,젤리,12,15600,0,12,15600,1417,14183,1300,12,0,0.04%
B0000903,8693323205102 ,스위토 멀티칼라스틱 80g,젤리,7,15600,0,7,15600,1417,14183,1300,12,0,0.04%
B0000955,8801118256578 ,돼지바 핑크,상품,24,15600,0,24,15600,1416,14184,400,39,0,0.04%
B0000379,8801104664271 ,슈퍼콘딸기,상품,17,15200,0,17,15200,1385,13815,800,19,0,0.04%
B0000730,8801062336579 ,젤리셔스 수박바젤리,롯데과자,13,15000,0,13,15000,1366,13634,1000,15,0,0.04%
B0000816,8809260942974 ,삼진 초코프레첼,젤리,10,15000,0,10,15000,1362,13638,1500,10,0,0.04%
B0000921,8809256673110 ,짱구 빈모양젤리,젤리,9,15000,0,9,15000,1361,13639,1500,10,0,0.04%
B0000856,8801062335336 ,쬰쬬니 콜라,롯데과자,23,14500,0,23,14500,1314,13186,500,29,0,0.04%
B0000878,8801151105130 ,뻥이요,젤리,22,14500,0,22,14500,1314,13186,500,29,0,0.04%
B0000919,8801104670920 ,졸음사냥,상품,22,14500,0,22,14500,1313,13187,500,29,0,0.04%
B0000738,8801062636846 ,가나 밀크,롯데과자,7,14000,0,7,14000,1277,12723,2000,7,0,0.04%
B0000745,8809098727170 ,꼬꼬스낵,젤리,25,14000,0,25,14000,1264,12736,500,28,0,0.04%
B0000871,8809713221007 ,듀엣 초코바나나,상품,23,14000,0,23,14000,1272,12728,400,35,0,0.04%
B0000923,8802896004665 ,한입 사각어포 와사비맛,젤리,7,14000,0,7,14000,1273,12727,2000,7,0,0.04%
B0000794,8804973304835 ,이클립스 피치,젤리,5,13800,0,5,13800,1256,12544,2300,6,0,0.04%
B0000847,7622210695802 ,미니 오레오 딸기맛크림,젤리,34,13800,0,34,13800,1254,12546,300,46,0,0.04%
B0000512,8801062413133 ,바요바,상품,22,13600,0,22,13600,1238,12362,400,34,0,0.04%
B0000844,5996379377360 ,하리보 웜즈 100g,젤리,9,13500,0,9,13500,1225,12275,1500,9,0,0.04%
B0000851,8809355828008 ,신비아파트 드로잉캔디,젤리,6,13500,0,6,13500,1227,12273,1500,9,0,0.04%
B0000929,8801133090799 ,달콤한 직화육포,젤리,8,13500,0,8,13500,1225,12275,1500,9,0,0.04%
B0000792,8809009520234 ,봉봉스낵,젤리,11,13200,0,11,13200,1200,12000,1200,11,0,0.04%
B0000956,8801206002575 ,쑥이랑 떡이랑 바,상품,23,13200,0,23,13200,1196,12004,400,33,0,0.04%
B0000953,8801062872886 ,와 포도,상품,12,13000,0,12,13000,1183,11817,1000,13,0,0.04%
B0000904,41420045691 ,네슬레너즈 로프 레인보우26g,젤리,6,12600,0,6,12600,1147,11453,1800,7,0,0.04%
B0000725,8801062009527 ,청포도 캔디,롯데과자,5,12500,0,5,12500,1140,11360,2500,5,0,0.03%
B0000727,8801062013456 ,스카치캔디 세가지맛,롯데과자,5,12500,0,5,12500,1135,11365,2500,5,0,0.03%
B0000818,8809208062511 ,새콤짱 사과,젤리,24,12500,0,24,12500,1131,11369,500,25,0,0.03%
B0000855,8801062335350 ,쫀쬬니 청포도,롯데과자,21,12500,0,21,12500,1135,11365,500,25,0,0.03%
B0000732,8801062888627 ,젤리셔스 시트러스과일맛,롯데과자,11,12000,0,11,12000,1092,10908,1000,12,0,0.03%
B0000761,9557240204053 ,피시스낵 스파이스맛,젤리,18,12000,0,18,12000,1086,10914,500,24,0,0.03%
B0000762,9557240215059 ,피시스낵 바비큐향,젤리,15,12000,0,15,12000,1089,10911,500,24,0,0.03%
B0000819,8801206001912 ,빵빵덕 레몬젤리,젤리,8,12000,0,8,12000,1088,10912,1500,8,0,0.03%
B0000845,8690146134497 ,베베토 더블조이젤리 75g,젤리,12,12000,0,12,12000,1094,10906,1000,12,0,0.03%
B0000853,6907938051064 ,초코랑쿠키랑,젤리,26,12000,0,26,12000,1089,10911,300,40,0,0.03%
B0000890,8801077285800 ,진주 천하장사,젤리,9,12000,0,9,12000,1093,10907,800,15,0,0.03%
B0000900,8809415660180 ,초코랑 쿠키랑,젤리,22,12000,0,22,12000,1090,10910,300,40,0,0.03%
B0000928,8809359461843 ,타우린 숯불 오징어,젤리,3,12000,0,3,12000,1092,10908,4000,3,0,0.03%
B0000757,8681042330557 ,러쉬 에스프레소 쿠키,젤리,21,11500,0,21,11500,1041,10459,500,23,0,0.03%
B0000867,8801062877959 ,빼빼로바,상품,15,11400,0,15,11400,1041,10359,600,19,0,0.03%
B0000889,8809248771558 ,짜먹고 그려먹고,젤리,18,11400,0,18,11400,1044,10356,600,19,0,0.03%
B0000948,8801104670814 ,아이스케키 사과,상품,17,11200,0,17,11200,1015,10185,400,28,0,0.03%
B0000674,8412147029073 ,제이크멀티 계란후라이 젤리,젤리,10,11000,0,10,11000,1000,10000,1000,11,0,0.03%
B0000295,8801118253959 ,밀키스바,상품,21,10800,0,21,10800,985,9815,400,27,0,0.03%
B0000885,8809605750257 ,싱싱 참한입 인절미,젤리,9,10800,0,9,10800,983,9817,1200,9,0,0.03%
B0000886,4945295002727 ,오성 와플쿠키,젤리,9,10800,0,9,10800,981,9819,1200,9,0,0.03%
B0000857,8801062335701 ,블링블링 보석캔디,롯데과자,12,10400,0,12,10400,948,9452,800,13,0,0.03%
B0000781,8803747116582 ,츄파춥스 사워벨트 (3입),젤리,10,10000,0,10,10000,910,9090,1000,10,0,0.03%
B0000846,8809420331440 ,8종야채 미니크래커 80g,젤리,8,10000,0,8,10000,911,9089,1000,10,0,0.03%
B0000877,8437000482048 ,트롤리 애플링스,젤리,5,10000,0,5,10000,910,9090,2000,5,0,0.03%
B0000940,8801118256639 ,델몬트 토마토 & 애플,상품,16,10000,0,16,10000,908,9092,400,25,0,0.03%
B0000944,8801062875627 ,본젤라또 망고바,상품,4,10000,0,4,10000,908,9092,2000,5,0,0.03%
B0000876,8801133003089 ,머거본 와사비맛아몬드,젤리,7,9600,0,7,9600,873,8727,1200,8,0,0.03%
B0000826,8809265640295 ,꼬미볼 소다향,젤리,16,9500,0,16,9500,861,8639,500,19,0,0.03%
B0000892,6920310803617 ,빙글빙글 뽀로로랜드,젤리,3,9000,0,3,9000,819,8181,3000,3,0,0.03%
B0000678,9555319109940 ,위니 스위트포테이토 크리스프 15g,젤리,37,11200,0,33,8800,804,7996,200,44,0,0.02%
B0000734,8801062888344 ,가나 에어라이트 다크브라우닝,롯데과자,5,8400,0,5,8400,765,7635,1200,7,0,0.02%
B0000829,8809376000230 ,퍼지바 초코맛,젤리,10,8400,0,10,8400,765,7635,400,21,0,0.02%
B0000949,8801104670852 ,아이스케키 딸기맛하드,상품,17,8400,0,17,8400,764,7636,400,21,0,0.02%
B0000827,8809265640448 ,빅쪼니 소다,젤리,16,8100,0,16,8100,739,7361,300,27,0,0.02%
B0000691,8804973304828 ,이클립스 스피어민트,젤리,4,8000,0,4,8000,730,7270,2000,4,0,0.02%
B0000731,8801062002542 ,젤리셔스 죠스바젤리,롯데과자,8,8000,0,8,8000,728,7272,1000,8,0,0.02%
B0000737,8801062636822 ,가나 마일드,롯데과자,4,8000,0,4,8000,728,7272,2000,4,0,0.02%
B0000908,6942971510598 ,마스크모양 마시멜로 100g,젤리,4,8000,0,4,8000,728,7272,2000,4,0,0.02%
B0000922,8809004643389 ,거봉젤리,젤리,2,8000,0,2,8000,727,7273,4000,2,0,0.02%
B0000931,9556291801426 ,타타와 사과잼 쿠키,젤리,8,8000,0,8,8000,728,7272,1000,8,0,0.02%
B0000950,8801104670838 ,아이스케키 레몬맛하드,상품,16,8000,0,16,8000,723,7277,400,20,0,0.02%
B0000952,8801062876808 ,초키초키 쿠앤크,상품,10,8000,0,10,8000,725,7275,500,16,0,0.02%
B0000779,8809554540091 ,구운 양태군,젤리,5,7800,0,5,7800,708,7092,1300,6,0,0.02%
B0000828,8809376000292 ,퍼지바 모카맛,젤리,13,7600,0,13,7600,689,6911,400,19,0,0.02%
B0000694,4003084319446 ,트롤리 플레이 마우스,젤리,5,7500,0,5,7500,683,6817,1500,5,0,0.02%
B0000926,8801725000595 ,서주 밀크 웨하스,젤리,5,7500,0,5,7500,680,6820,1500,5,0,0.02%
B0000428,8801104664486 ,슈퍼콘민트초코,상품,6,7200,0,6,7200,655,6545,800,9,0,0.02%
B0000801,8801144000053 ,다담 마늘바게뜨,젤리,6,7200,0,6,7200,654,6546,1200,6,0,0.02%
B0000773,6947125500067 ,찍자캔디,젤리,13,6800,0,13,6800,618,6182,200,34,0,0.02%
B0000688,8996001350584 ,칼 치즈 웨이퍼,젤리,11,6600,0,11,6600,605,5995,600,11,0,0.02%
B0000676,8809355827551 ,시크릿쥬쥬 LED불빛반지 10g,젤리,3,6000,0,3,6000,545,5455,1500,4,0,0.02%
B0000692,8804973304811 ,이클립스 페퍼민트,젤리,3,6000,0,3,6000,546,5454,2000,3,0,0.02%
B0000835,8809376000261 ,퍼지바 밀크맛,젤리,6,6000,0,6,6000,545,5455,400,15,0,0.02%
B0000836,8801906163293 ,두부과자,젤리,4,6000,0,4,6000,545,5455,1200,5,0,0.02%
B0000927,8801725000601 ,서주 딸기 웨하스,젤리,4,6000,0,4,6000,544,5456,1500,4,0,0.02%
B0000925,8809355828480 ,치즈범벅 웨이퍼롤,젤리,5,5500,0,5,5500,500,5000,1100,5,0,0.02%
B0000893,8935001714361 ,츄파춥스 사우어바이트 24g,젤리,9,5400,0,9,5400,494,4906,600,9,0,0.02%
B0000932,8809069306953 ,Dole 올라이트바 크랜베리,젤리,8,5200,0,8,5200,472,4728,400,13,0,0.01%
B0000934,8802896000025 ,월드컵 맛기차콘,젤리,8,5100,0,8,5100,464,4636,300,17,0,0.01%
B0000699,8801056049881 ,생수(아이시스),젤리,3,5000,0,3,5000,455,4545,1000,5,0,0.01%
B0000933,8691720011463 ,프리첼 크래커,젤리,4,4800,0,4,4800,436,4364,1200,4,0,0.01%
B0000961,8801104671026 ,요맘때 슈팅스타,상품,5,4800,0,5,4800,436,4364,800,6,0,0.01%
B0000616,8801104666084 ,투게더 흑임자,상품,1,4500,0,1,4500,409,4091,4500,1,0,0.01%
B0000686,4000512008903 ,트롤리 XXL 버거,젤리,3,4500,0,3,4500,409,4091,1500,3,0,0.01%
B0000906,5996379477787 ,하리보 러브하트80g,젤리,3,4500,0,3,4500,409,4091,1500,3,0,0.01%
B0000850,8692806031474 ,파라다이스 퍼니페이스,젤리,11,4200,0,11,4200,379,3821,300,14,0,0.01%
B0000894,8935001714545 ,츄파춥스 미니튜브 24g,젤리,5,4200,0,5,4200,384,3816,600,7,0,0.01%
B0000770,9555030107430 ,도라에몽 롤리팝,젤리,8,4000,0,8,4000,361,3639,500,8,0,0.01%
B0000690,8413178332330 ,다이노젤리,젤리,4,3000,0,4,3000,273,2727,500,6,0,0.01%
B0000696,4001686405154 ,하리보 프리마베라,젤리,2,3000,0,2,3000,272,2728,1500,2,0,0.01%
B0000936,8809420331402 ,치즈&버터 미니스틱,젤리,6,3000,0,6,3000,270,2730,500,6,0,0.01%
B0000962,8801104670760 ,멘붕어싸만코,상품,3,3000,0,3,3000,273,2727,1000,3,0,0.01%
B0000687,8802280004080 ,브이콘,젤리,3,2100,0,3,2100,192,1908,700,3,0,0.01%
B0000884,8804508145193 ,통밀말이,젤리,2,2000,0,2,2000,182,1818,1000,2,0,0.01%
B0000963,8801062873593 ,빙빙 인절미맛,,3,2000,0,3,2000,181,1819,400,5,0,0.01%
B0000695,4001686332191 ,하리보 스머프,젤리,2,1600,0,2,1600,146,1454,800,2,0,0.00%
B0000680,8809406850675 ,선라이트사과,젤리,1,1500,0,1,1500,136,1364,500,3,0,0.00%
B0000682,8809406850682 ,선라이트복숭아,젤리,2,1000,0,2,1000,91,909,500,2,0,0.00%
B0000683,4001686372586 ,메가룰렛젤리,젤리,2,1000,0,2,1000,92,908,500,2,0,0.00%
B0000964,8801062874491 ,스피아 민트바,상품,2,800,0,2,800,72,728,400,2,0,0.00%
B0000681,8809406850699 ,선라이트복숭아,젤리,1,500,0,1,500,45,455,500,1,0,0.00%
B0000001,88020785 ,테스트,상품,4,135000,0,0,0,0,0,0,0,0,0.00%
B0000654,88017174 ,테스특,상품,6,119000,0,0,0,0,0,0,0,0,0.00%
B0000655,8852756505160 ,테수트,상품,4,10000,0,0,0,0,0,0,0,0,0.00%
B0000656,8808739000153 ,테스트,상품,2,2000,0,0,0,0,0,0,0,0,0.00%
B0000657,8808739000108 ,테스토,상품,4,4000,0,0,0,0,0,0,0,0,0.00%
B0000658,8801094013004 ,콜라,상품,4,4000,0,0,0,0,0,0,0,0,0.00%
B0000011,8801104123198 ,쿠앤크바,상품,3,9600,0,3,9600,872,8728,400,24,0,5.83%
B0000062,8801062002504 ,롯데일품팥빙수,상품,2,7500,0,2,7500,681,6819,1500,5,0,4.56%
B0000142,8801104163057 ,엑셀런트,상품,1,6000,0,1,6000,545,5455,6000,1,0,3.65%
B0000572,8809713220093 ,2500 아이스가이피치OP093628,상품,2,6000,0,2,6000,545,5455,1500,4,0,3.65%
B0000703,,마카롱,이용안내,2,6000,0,2,6000,546,5454,2000,3,0,3.65%
B0000047,8801062422517 ,월드콘,상품,3,5600,0,3,5600,508,5092,800,7,0,3.40%
B0000088,8801062417254 ,셀렉션,상품,1,5500,0,1,5500,500,5000,5500,1,0,3.34%
B0000122,8801062453672 ,티코,상품,1,5500,0,1,5500,500,5000,5500,1,0,3.34%
B0000437,8801104142373 ,투게더,상품,1,5500,0,1,5500,500,5000,5500,1,0,3.34%
B0000301,8801118255083 ,구구크러스터홈 벨기에초코,상품,1,4500,0,1,4500,409,4091,4500,1,0,2.73%
B0000343,8801104307888 ,투게더 프로즌요거트,상품,1,4500,0,1,4500,409,4091,4500,1,0,2.73%
B0000042,8801062442898 ,설레임 밀크,상품,3,4000,0,3,4000,364,3636,800,5,0,2.43%
B0000114,8801062435951 ,와,상품,3,4000,0,3,4000,364,3636,1000,4,0,2.43%
B0000957,8801104123280 ,메로나,상품,4,4000,0,4,4000,363,3637,400,10,0,2.43%
B0000434,8801104301169 ,엔쵸초코,상품,3,3600,0,3,3600,329,3271,600,6,0,2.19%
B0000446,8801062442911 ,설레임커피,상품,1,3200,0,1,3200,291,2909,800,4,0,1.94%
B0000267,8801104306928 ,떡붕어싸만코,상품,2,3000,0,2,3000,273,2727,1000,3,0,1.82%
B0000271,8801104307048 ,부드러운빵또와,상품,2,3000,0,2,3000,273,2727,1000,3,0,1.82%
B0000660,8809592640371 ,아이스쿨 포도,상품,2,3000,0,2,3000,272,2728,1500,2,0,1.82%
B0000705,8801062880454 ,가나 아이스바,상품,1,3000,0,1,3000,273,2727,600,5,0,1.82%
B0000711,8801062521449 ,롯데샌드 파인애플,롯데과자,2,3000,0,2,3000,272,2728,1500,2,0,1.82%
B0000839,8997004301429 ,오이시 스펀지 크런치,젤리,1,2500,0,1,2500,227,2273,2500,1,0,1.52%
B0000052,8801118251221 ,구구콘,상품,1,2400,0,1,2400,218,2182,800,3,0,1.46%
B0000170,8801104123679 ,메로나바나나,상품,4,2400,0,4,2400,218,2182,400,6,0,1.46%
B0000945,8809713220123 ,누가바,상품,3,2400,0,3,2400,217,2183,400,6,0,1.46%
B0000127,8801062475797 ,미니멜츠 캔디,상품,1,2000,0,1,2000,182,1818,2000,1,0,1.22%
B0000574,8809713220598 ,1000 폴라포 피치 084035,상품,1,2000,0,1,2000,182,1818,500,4,0,1.22%
B0000943,8801062876150 ,더블비얀코  베리&베리,상품,2,2000,0,2,2000,182,1818,1000,2,0,1.22%
B0000269,8801118255014 ,구구바,상품,2,1800,0,2,1800,163,1637,600,3,0,1.09%
B0000003,8801104123181 ,비비빅,상품,1,1600,0,1,1600,145,1455,400,4,0,0.97%
B0000056,8801118251313 ,빵빠레초코,상품,2,1600,0,2,1600,146,1454,800,2,0,0.97%
B0000510,8801062417155 ,누크바,상품,2,1600,0,2,1600,145,1455,400,4,0,0.97%
B0000812,8801062878406 ,월드콘 쿠키앤크림,상품,2,1600,0,2,1600,146,1454,800,2,0,0.97%
B0000918,8801118256592 ,빵빠레 딸기,상품,2,1600,0,2,1600,146,1454,800,2,0,0.97%
B0000714,8801062380015 ,치토스 매콤달콤한맛,롯데과자,1,1500,0,1,1500,137,1363,1500,1,0,0.91%
B0000864,8801062381814 ,도리토스 나쵸치즈맛,롯데과자,1,1500,0,1,1500,136,1364,1500,1,0,0.91%
B0000951,8801062012732 ,빼빼로 화이트쿠키,롯데과자,1,1500,0,1,1500,137,1363,1500,1,0,0.91%
B0000022,8801062417018 ,스크류바,상품,1,1200,0,1,1200,109,1091,400,3,0,0.73%
B0000026,8801062417599 ,앙꼬바,상품,1,1200,0,1,1200,110,1090,400,3,0,0.73%
B0000315,8801118255250 ,델몬트망고바,상품,1,1200,0,1,1200,109,1091,400,3,0,0.73%
B0000368,8801118255229 ,별난바,상품,1,1200,0,1,1200,109,1091,400,3,0,0.73%
B0000463,8801206002032 ,초코쿠키바,상품,1,1200,0,1,1200,109,1091,400,3,0,0.73%
B0000587,8809713220710 ,800 쌍쌍바 포도 083058,상품,1,1200,0,1,1200,109,1091,400,3,0,0.73%
B0000592,8809713220765 ,800 부라보바 피스타치오 084055,상품,1,1200,0,1,1200,109,1091,400,3,0,0.73%
B0000768,4807770190162 ,키드오 버터맛,젤리,1,1200,0,1,1200,109,1091,1200,1,0,0.73%
B0000898,8801062016655 ,스크류바 피치,상품,2,1200,0,2,1200,109,1091,400,3,0,0.73%
B0000213,8801062436064 ,잇츠와플바닐라,상품,1,1000,0,1,1000,91,909,1000,1,0,0.61%
B0000451,8801062623488 ,더블비얀코,상품,1,1000,0,1,1000,91,909,1000,1,0,0.61%
B0000478,8801118256080 ,빵빠레샌드,상품,1,1000,0,1,1000,91,909,1000,1,0,0.61%
B0000704,,지구젤리,젤리,1,1000,0,1,1000,91,909,1000,1,0,0.61%
B0000870,8801104668873 ,흑임자 붕어싸만코,상품,1,1000,0,1,1000,91,909,1000,1,0,0.61%
B0000960,8801104671453 ,빵또아 슈팅스타,상품,1,1000,0,1,1000,91,909,1000,1,0,0.61%
B0000962,8801104670760 ,멘붕어싸만코,상품,1,1000,0,1,1000,91,909,1000,1,0,0.61%
B0000014,8801118251573 ,와삭바,상품,1,800,0,1,800,73,727,400,2,0,0.49%
B0000016,8801062417056 ,죠스바,상품,1,800,0,1,800,73,727,400,2,0,0.49%
B0000021,8801062416950 ,빙빙바,상품,2,800,0,2,800,75,725,400,2,0,0.49%
B0000057,8801118251306 ,빵빠레 바닐라,상품,1,800,0,1,800,73,727,800,1,0,0.49%
B0000132,8801062417117 ,수박바,상품,1,800,0,1,800,73,727,400,2,0,0.49%
B0000278,8801104123808 ,메로나망고,상품,1,800,0,1,800,73,727,400,2,0,0.49%
B0000472,8809713220031 ,쌍쌍바,상품,1,800,0,1,800,73,727,400,2,0,0.49%
B0000492,8809713220307 ,녹차마루바,상품,1,800,0,1,800,73,727,400,2,0,0.49%
B0000530,8809713220079 ,호두마루바,상품,1,800,0,1,800,73,727,400,2,0,0.49%
B0000590,8809713220741 ,800 부라보바 화이트바닐라 083050,상품,2,800,0,2,800,72,728,400,2,0,0.49%
B0000963,8801062873593 ,빙빙 인절미맛,,1,800,0,1,800,73,727,400,2,0,0.49%
B0000661,8801062881376 ,스크류주물러,상품,1,600,0,1,600,55,545,600,1,0,0.36%
B0000847,7622210695802 ,미니 오레오 딸기맛크림,젤리,1,600,0,1,600,55,545,300,2,0,0.36%
B0000093,8801118250996 ,빠삐코 초코,상품,1,500,0,1,500,45,455,500,1,0,0.30%
B0000094,8801104111355 ,뽕따소다,상품,1,500,0,1,500,45,455,500,1,0,0.30%
B0000290,8801104307444 ,메로나튜브,상품,1,500,0,1,500,45,455,500,1,0,0.30%
B0000939,8809713220390 ,탱크보이,상품,1,500,0,1,500,45,455,500,1,0,0.30%
B0000013,8801104123204 ,요맘때 딸기,상품,1,400,0,1,400,36,364,400,1,0,0.24%
B0000015,8801104123167 ,까페오레,상품,1,400,0,1,400,36,364,400,1,0,0.24%
B0000019,8801062417339 ,순수밀크,상품,1,400,0,1,400,36,364,400,1,0,0.24%
B0000032,8801118253386 ,인절미바,상품,1,400,0,1,400,36,364,400,1,0,0.24%
B0000126,8801104123839 ,요맘때 플레인바,상품,1,400,0,1,400,38,362,400,1,0,0.24%
B0000179,8801104123389 ,요맘때 복숭아,상품,1,400,0,1,400,36,364,400,1,0,0.24%
B0000352,8801206001516 ,민트리치바,상품,1,400,0,1,400,36,364,400,1,0,0.24%
B0000466,8801206002018 ,군고구마바,상품,1,400,0,1,400,36,364,400,1,0,0.24%
B0000500,8801206002070 ,리치망고스틴바,상품,1,400,0,1,400,36,364,400,1,0,0.24%
B0000916,8801062874484 ,죠스바 멜론,상품,1,400,0,1,400,36,364,400,1,0,0.24%
B0000956,8801206002575 ,쑥이랑 떡이랑 바,상품,1,400,0,1,400,36,364,400,1,0,0.24%
B0000965,8801062874507 ,쥬시후레쉬바,상품,1,400,0,1,400,36,364,400,1,0,0.24%
